De,Para,Tipo de migração,Qtd de conteúdos,Qtd de arquivos,Verificar Cópias,Hierarquia,Visibilidade,Menu Lateral,Breadcrumb,Vocabulário,Categoria,Pontos de atenção,Redes sociais,Tipo de página,Nome da página,Link da página para a qual redireciona,Complexidade,Layout,Data Descoberta
https://www.sepd.df.gov.br/w/112-sul-recebe-posto-de-vacinacao-para-pessoas-com-deficiencia,,Manual,6,4,"=SE(CONT.SE(A:A; A3) > 1; ""Duplicado""; ""Único"")",Raiz > Secretarias > 112 Sul recebe posto de vacinação para pessoas com deficiência,Oculta,-,Secretaria da Pessoa com Deficiência > Secretarias > 112 Sul recebe posto de vacinação para pessoas com deficiência,,-,Página com Formulário,-,Página de Widget,-,-,-,1 Coluna
https://www.sepd.df.gov.br/w/5-mil-vacinas-para-diagnosticados-com-sindromes-e-pcd,,Manual,6,4,"=SE(CONT.SE(A:A; A3) > 1; ""Duplicado""; ""Único"")",Raiz > Secretarias > 5 mil vacinas para diagnosticados com síndromes e PCD,Oculta,-,Secretaria da Pessoa com Deficiência > Secretarias > 5 mil vacinas para diagnosticados com síndromes e PCD,,-,Página com Formulário,-,Página de Widget,-,-,-,1 Coluna
https://www.sepd.df.gov.br/w/a-importancia-de-identificar-o-alzheimer-logo-no-inicio,,Manual,6,4,"=SE(CONT.SE(A:A; A3) > 1; ""Duplicado""; ""Único"")",Raiz > Secretarias > A importância de identificar o Alzheimer logo no início,Oculta,-,Secretaria da Pessoa com Deficiência > Secretarias > A importância de identificar o Alzheimer logo no início,,-,Página com Formulário,-,Página de Widget,-,-,-,1 Coluna
https://www.sepd.df.gov.br/w/acesso-%C3%A0-informa%C3%A7%C3%A3o,,Manual,5,4,"=SE(CONT.SE(A:A; A3) > 1; ""Duplicado""; ""Único"")",Raiz > Secretarias > ACESSO À INFORMAÇÃO,Oculta,-,Secretaria da Pessoa com Deficiência > Secretarias > ACESSO À INFORMAÇÃO,,-,Página com Formulário,-,Página de Widget,-,-,-,1 Coluna
https://www.sepd.df.gov.br/w/abertas-100-vagas-para-atender-mulheres-do-slu-e-com-deficiencia,,Manual,6,4,"=SE(CONT.SE(A:A; A3) > 1; ""Duplicado""; ""Único"")",Raiz > Secretarias > Abertas 100 vagas para atender mulheres do SLU e com deficiência,Oculta,-,Secretaria da Pessoa com Deficiência > Secretarias > Abertas 100 vagas para atender mulheres do SLU e com deficiência,,-,Página com Formulário,-,Página de Widget,-,-,-,1 Coluna
https://www.sepd.df.gov.br/w/abertas-rematriculas-em-tres-centros-olimpicos-e-paralimpicos,,Manual,6,4,"=SE(CONT.SE(A:A; A3) > 1; ""Duplicado""; ""Único"")",Raiz > Secretarias > Abertas rematrículas em três centros olímpicos e paralímpicos,Oculta,-,Secretaria da Pessoa com Deficiência > Secretarias > Abertas rematrículas em três centros olímpicos e paralímpicos,,-,Página com Formulário,-,Página de Widget,-,-,-,1 Coluna
https://www.sepd.df.gov.br/w/abril-azul-traz-acoes-de-conscientizacao-sobre-o-autismo,,Manual,6,4,"=SE(CONT.SE(A:A; A3) > 1; ""Duplicado""; ""Único"")",Raiz > Secretarias > Abril Azul traz ações de conscientização sobre o autismo,Oculta,-,Secretaria da Pessoa com Deficiência > Secretarias > Abril Azul traz ações de conscientização sobre o autismo,,-,Página com Formulário,-,Página de Widget,-,-,-,1 Coluna
https://www.sepd.df.gov.br/w/abril-e-o-mes-dedicado-a-conscientizacao-da-amputacao,,Manual,6,4,"=SE(CONT.SE(A:A; A3) > 1; ""Duplicado""; ""Único"")",Raiz > Secretarias > Abril é o mês dedicado à conscientização da amputação,Oculta,-,Secretaria da Pessoa com Deficiência > Secretarias > Abril é o mês dedicado à conscientização da amputação,,-,Página com Formulário,-,Página de Widget,-,-,-,1 Coluna
https://www.sepd.df.gov.br/w/academia-buriti-ministra-aula-especial-de-taekwondo-para-pessoas-com-deficiencia,,Manual,6,4,"=SE(CONT.SE(A:A; A3) > 1; ""Duplicado""; ""Único"")",Raiz > Secretarias > Academia Buriti ministra aula especial de taekwondo para pessoas com deficiência,Oculta,-,Secretaria da Pessoa com Deficiência > Secretarias > Academia Buriti ministra aula especial de taekwondo para pessoas com deficiência,,-,Página com Formulário,-,Página de Widget,-,-,-,1 Coluna
https://www.sepd.df.gov.br/w/acessibilidade-e-internet-para-pessoas-com-deficiencia,,Manual,6,4,"=SE(CONT.SE(A:A; A3) > 1; ""Duplicado""; ""Único"")",Raiz > Secretarias > Acessibilidade e internet para pessoas com deficiência,Oculta,-,Secretaria da Pessoa com Deficiência > Secretarias > Acessibilidade e internet para pessoas com deficiência,,-,Página com Formulário,-,Página de Widget,-,-,-,1 Coluna
https://www.sepd.df.gov.br/category/acesso-a-informacao/,,Manual,7,4,"=SE(CONT.SE(A:A; A3) > 1; ""Duplicado""; ""Único"")",Raiz > Secretarias > Acesso A Informação,Oculta,-,Secretaria da Pessoa com Deficiência > Secretarias > Acesso A Informação,,-,Página com Formulário,-,Página de Widget,-,-,-,1 Coluna
https://www.sepd.df.gov.br/w/acordo-com-o-mp-do-trabalho-garante-emprego-para-pessoas-com-deficiencia,,Manual,5,4,"=SE(CONT.SE(A:A; A3) > 1; ""Duplicado""; ""Único"")",Raiz > Secretarias > Acordo com o MP do Trabalho garante emprego para pessoas com deficiência,Oculta,-,Secretaria da Pessoa com Deficiência > Secretarias > Acordo com o MP do Trabalho garante emprego para pessoas com deficiência,,-,Página com Formulário,-,Página de Widget,-,-,-,1 Coluna
https://www.sepd.df.gov.br/w/acordo-com-o-mp-do-trabalho-garante-emprego-para-pessoas-com-deficiencia-1,,Manual,6,4,"=SE(CONT.SE(A:A; A3) > 1; ""Duplicado""; ""Único"")",Raiz > Secretarias > Acordo com o MP do Trabalho garante emprego para pessoas com deficiência,Oculta,-,Secretaria da Pessoa com Deficiência > Secretarias > Acordo com o MP do Trabalho garante emprego para pessoas com deficiência,,-,Página com Formulário,-,Página de Widget,-,-,-,1 Coluna
https://www.sepd.df.gov.br/w/agentes-de-seguranca-publica-terao-formacao-em-libras,,Manual,6,4,"=SE(CONT.SE(A:A; A3) > 1; ""Duplicado""; ""Único"")",Raiz > Secretarias > Agentes de segurança pública terão formação em Libras,Oculta,-,Secretaria da Pessoa com Deficiência > Secretarias > Agentes de segurança pública terão formação em Libras,,-,Página com Formulário,-,Página de Widget,-,-,-,1 Coluna
https://www.sepd.df.gov.br/w/agencia-do-trabalhador,,Manual,5,4,"=SE(CONT.SE(A:A; A3) > 1; ""Duplicado""; ""Único"")",Raiz > Secretarias > Agência do Trabalhador,Oculta,-,Secretaria da Pessoa com Deficiência > Secretarias > Agência do Trabalhador,,-,Página com Formulário,-,Página de Widget,-,-,-,1 Coluna
https://www.sepd.df.gov.br/w/ajuda-drive-thru-solidario-no-palacio-do-buriti,,Manual,6,4,"=SE(CONT.SE(A:A; A3) > 1; ""Duplicado""; ""Único"")",Raiz > Secretarias > Ajuda: drive-thru Solidário no Palácio do Buriti,Oculta,-,Secretaria da Pessoa com Deficiência > Secretarias > Ajuda: drive-thru Solidário no Palácio do Buriti,,-,Página com Formulário,-,Página de Widget,-,-,-,1 Coluna
https://www.sepd.df.gov.br/w/ambulatorio-do-hrt-que-atende-pessoas-com-autismo-nao-sera-fechado,,Manual,6,4,"=SE(CONT.SE(A:A; A3) > 1; ""Duplicado""; ""Único"")",Raiz > Secretarias > Ambulatório do HRT que atende pessoas com autismo não será fechado,Oculta,-,Secretaria da Pessoa com Deficiência > Secretarias > Ambulatório do HRT que atende pessoas com autismo não será fechado,,-,Página com Formulário,-,Página de Widget,-,-,-,1 Coluna
https://www.sepd.df.gov.br/w/aniversario-sepd,,Manual,6,4,"=SE(CONT.SE(A:A; A3) > 1; ""Duplicado""; ""Único"")",Raiz > Secretarias > Aniversário SEPD,Oculta,-,Secretaria da Pessoa com Deficiência > Secretarias > Aniversário SEPD,,-,Página com Formulário,-,Página de Widget,-,-,-,1 Coluna
https://www.sepd.df.gov.br/w/anvisa-aprova-vacina-e-gdf-esta-pronto-para-agir,,Manual,6,4,"=SE(CONT.SE(A:A; A3) > 1; ""Duplicado""; ""Único"")",Raiz > Secretarias > Anvisa aprova vacina e GDF está pronto para agir,Oculta,-,Secretaria da Pessoa com Deficiência > Secretarias > Anvisa aprova vacina e GDF está pronto para agir,,-,Página com Formulário,-,Página de Widget,-,-,-,1 Coluna
https://www.sepd.df.gov.br/w/apresentacao-da-carta,,Manual,5,4,"=SE(CONT.SE(A:A; A3) > 1; ""Duplicado""; ""Único"")",Raiz > Secretarias > Apresentação da Carta,Oculta,-,Secretaria da Pessoa com Deficiência > Secretarias > Apresentação da Carta,,-,Página com Formulário,-,Página de Widget,-,-,-,1 Coluna
https://www.sepd.df.gov.br/w/artistas-com-deficiencia-se-apresentam-em-festival-inclusao-cultural,,Manual,6,4,"=SE(CONT.SE(A:A; A3) > 1; ""Duplicado""; ""Único"")",Raiz > Secretarias > Artistas com deficiência se apresentam em festival Inclusão Cultural,Oculta,-,Secretaria da Pessoa com Deficiência > Secretarias > Artistas com deficiência se apresentam em festival Inclusão Cultural,,-,Página com Formulário,-,Página de Widget,-,-,-,1 Coluna
https://www.sepd.df.gov.br/w/assessoria-de-imprensa,,Manual,5,4,"=SE(CONT.SE(A:A; A3) > 1; ""Duplicado""; ""Único"")",Raiz > Secretarias > Assessoria de imprensa,Oculta,-,Secretaria da Pessoa com Deficiência > Secretarias > Assessoria de imprensa,,-,Página com Formulário,-,Página de Widget,-,-,-,1 Coluna
https://www.sepd.df.gov.br/w/assessorias-de-comunicacao-do-gdf-participam-de-atividade-sobre-comunicacao-acessivel,,Manual,6,4,"=SE(CONT.SE(A:A; A3) > 1; ""Duplicado""; ""Único"")",Raiz > Secretarias > Assessorias de comunicação do GDF participam de atividade sobre comunicação acessível,Oculta,-,Secretaria da Pessoa com Deficiência > Secretarias > Assessorias de comunicação do GDF participam de atividade sobre comunicação acessível,,-,Página com Formulário,-,Página de Widget,-,-,-,1 Coluna
https://www.sepd.df.gov.br/w/assistencia-medica-para-pessoas-com-deficiencia,,Manual,6,4,"=SE(CONT.SE(A:A; A3) > 1; ""Duplicado""; ""Único"")",Raiz > Secretarias > Assistência médica para pessoas com deficiência,Oculta,-,Secretaria da Pessoa com Deficiência > Secretarias > Assistência médica para pessoas com deficiência,,-,Página com Formulário,-,Página de Widget,-,-,-,1 Coluna
https://www.sepd.df.gov.br/w/atas,,Manual,5,4,"=SE(CONT.SE(A:A; A3) > 1; ""Duplicado""; ""Único"")",Raiz > Secretarias > Atas,Oculta,-,Secretaria da Pessoa com Deficiência > Secretarias > Atas,,-,Página com Formulário,-,Página de Widget,-,-,-,1 Coluna
https://www.sepd.df.gov.br/w/atendimento-a-advogados-e-cidadaos,,Manual,5,4,"=SE(CONT.SE(A:A; A3) > 1; ""Duplicado""; ""Único"")",Raiz > Secretarias > Atendimento a Advogados e Cidadãos,Oculta,-,Secretaria da Pessoa com Deficiência > Secretarias > Atendimento a Advogados e Cidadãos,,-,Página com Formulário,-,Página de Widget,-,-,-,1 Coluna
https://www.sepd.df.gov.br/w/atendimento-para-ortese-e-protese-podera-ser-agendado,,Manual,6,4,"=SE(CONT.SE(A:A; A3) > 1; ""Duplicado""; ""Único"")",Raiz > Secretarias > Atendimento para órtese e prótese poderá ser agendado,Oculta,-,Secretaria da Pessoa com Deficiência > Secretarias > Atendimento para órtese e prótese poderá ser agendado,,-,Página com Formulário,-,Página de Widget,-,-,-,1 Coluna
https://www.sepd.df.gov.br/w/atleta-paralimpico-do-distrito-federal-representa-america-latina-no-cybathlon-2020-olimpiada-bionica,,Manual,6,4,"=SE(CONT.SE(A:A; A3) > 1; ""Duplicado""; ""Único"")",Raiz > Secretarias > Atleta paralímpico do Distrito Federal representa América Latina no Cybathlon 2020 (olimpíada biônica),Oculta,-,Secretaria da Pessoa com Deficiência > Secretarias > Atleta paralímpico do Distrito Federal representa América Latina no Cybathlon 2020 (olimpíada biônica),,-,Página com Formulário,-,Página de Widget,-,-,-,1 Coluna
https://www.sepd.df.gov.br/w/atletas-destaques-do-df-nas-paralimpiadas-de-toquio,,Manual,6,4,"=SE(CONT.SE(A:A; A3) > 1; ""Duplicado""; ""Único"")",Raiz > Secretarias > Atletas destaques do DF nas Paralimpíadas de Tóquio,Oculta,-,Secretaria da Pessoa com Deficiência > Secretarias > Atletas destaques do DF nas Paralimpíadas de Tóquio,,-,Página com Formulário,-,Página de Widget,-,-,-,1 Coluna
https://www.sepd.df.gov.br/w/atual-composicao,,Manual,5,4,"=SE(CONT.SE(A:A; A3) > 1; ""Duplicado""; ""Único"")",Raiz > Secretarias > Atual composição,Oculta,-,Secretaria da Pessoa com Deficiência > Secretarias > Atual composição,,-,Página com Formulário,-,Página de Widget,-,-,-,1 Coluna
https://www.sepd.df.gov.br/w/atualizacao-diaria-das-medidas-de-combate-a-covid-19-pelo-gdf,,Manual,7,4,"=SE(CONT.SE(A:A; A3) > 1; ""Duplicado""; ""Único"")",Raiz > Secretarias > Atualização diária das medidas de combate à covid-19 pelo GDF,Oculta,-,Secretaria da Pessoa com Deficiência > Secretarias > Atualização diária das medidas de combate à covid-19 pelo GDF,,-,Página com Formulário,-,Página de Widget,-,-,-,1 Coluna
https://www.sepd.df.gov.br/w/atuacao-pelo-direito-de-ir-e-vir-das-pessoas-com-deficiencia,,Manual,6,4,"=SE(CONT.SE(A:A; A3) > 1; ""Duplicado""; ""Único"")",Raiz > Secretarias > Atuação pelo direito de ir e vir das pessoas com deficiência,Oculta,-,Secretaria da Pessoa com Deficiência > Secretarias > Atuação pelo direito de ir e vir das pessoas com deficiência,,-,Página com Formulário,-,Página de Widget,-,-,-,1 Coluna
https://www.sepd.df.gov.br/w/audio,,Manual,5,4,"=SE(CONT.SE(A:A; A3) > 1; ""Duplicado""; ""Único"")",Raiz > Secretarias > Audio,Oculta,-,Secretaria da Pessoa com Deficiência > Secretarias > Audio,,-,Página com Formulário,-,Página de Widget,-,-,-,1 Coluna
https://www.sepd.df.gov.br/w/auditorias,,Manual,5,4,"=SE(CONT.SE(A:A; A3) > 1; ""Duplicado""; ""Único"")",Raiz > Secretarias > Auditorias,Oculta,-,Secretaria da Pessoa com Deficiência > Secretarias > Auditorias,,-,Página com Formulário,-,Página de Widget,-,-,-,1 Coluna
https://www.sepd.df.gov.br/w/auditorias-1,,Manual,6,4,"=SE(CONT.SE(A:A; A3) > 1; ""Duplicado""; ""Único"")",Raiz > Secretarias > Auditorias,Oculta,-,Secretaria da Pessoa com Deficiência > Secretarias > Auditorias,,-,Página com Formulário,-,Página de Widget,-,-,-,1 Coluna
https://www.sepd.df.gov.br/w/audiencia-publica-na-camara-legislativa-debate-alteracoes-no-bolsa-atleta,,Manual,6,4,"=SE(CONT.SE(A:A; A3) > 1; ""Duplicado""; ""Único"")",Raiz > Secretarias > Audiência Pública na Câmara Legislativa debate alterações no Bolsa Atleta,Oculta,-,Secretaria da Pessoa com Deficiência > Secretarias > Audiência Pública na Câmara Legislativa debate alterações no Bolsa Atleta,,-,Página com Formulário,-,Página de Widget,-,-,-,1 Coluna
https://www.sepd.df.gov.br/w/avalie-as-cartas-de-servicos-ao-cidadao,,Manual,5,4,"=SE(CONT.SE(A:A; A3) > 1; ""Duplicado""; ""Único"")",Raiz > Secretarias > Avalie as Cartas de Serviços ao Cidadão,Oculta,-,Secretaria da Pessoa com Deficiência > Secretarias > Avalie as Cartas de Serviços ao Cidadão,,-,Página com Formulário,-,Página de Widget,-,-,-,1 Coluna
https://www.sepd.df.gov.br/w/acoes-do-outubro-rosa-comecam-no-gdf-nesta-5-feira-1,,Manual,6,4,"=SE(CONT.SE(A:A; A3) > 1; ""Duplicado""; ""Único"")",Raiz > Secretarias > Ações do Outubro Rosa começam no GDF nesta 5ª feira (1°),Oculta,-,Secretaria da Pessoa com Deficiência > Secretarias > Ações do Outubro Rosa começam no GDF nesta 5ª feira (1°),,-,Página com Formulário,-,Página de Widget,-,-,-,1 Coluna
https://www.sepd.df.gov.br/w/brasilia-mais-acessivel,,Manual,6,4,"=SE(CONT.SE(A:A; A3) > 1; ""Duplicado""; ""Único"")",Raiz > Secretarias > BRASÍLIA MAIS ACESSÍVEL,Oculta,-,Secretaria da Pessoa com Deficiência > Secretarias > BRASÍLIA MAIS ACESSÍVEL,,-,Página com Formulário,-,Página de Widget,-,-,-,1 Coluna
https://www.sepd.df.gov.br/w/brb-disponibiliza-van-para-pagamento-de-taxa-de-2via-do-cartao-especial,,Manual,6,4,"=SE(CONT.SE(A:A; A3) > 1; ""Duplicado""; ""Único"")",Raiz > Secretarias > BRB disponibiliza van para pagamento de taxa de 2ª via do cartão especial,Oculta,-,Secretaria da Pessoa com Deficiência > Secretarias > BRB disponibiliza van para pagamento de taxa de 2ª via do cartão especial,,-,Página com Formulário,-,Página de Widget,-,-,-,1 Coluna
https://www.sepd.df.gov.br/w/banner-programas,,Manual,5,4,"=SE(CONT.SE(A:A; A3) > 1; ""Duplicado""; ""Único"")",Raiz > Secretarias > Banner Programas,Oculta,-,Secretaria da Pessoa com Deficiência > Secretarias > Banner Programas,,-,Página com Formulário,-,Página de Widget,-,-,-,1 Coluna
https://www.sepd.df.gov.br/w/basquete-sobre-rodas-reforca-poder-de-integracao-social-do-esporte,,Manual,6,4,"=SE(CONT.SE(A:A; A3) > 1; ""Duplicado""; ""Único"")",Raiz > Secretarias > Basquete sobre rodas reforça poder de integração social do esporte,Oculta,-,Secretaria da Pessoa com Deficiência > Secretarias > Basquete sobre rodas reforça poder de integração social do esporte,,-,Página com Formulário,-,Página de Widget,-,-,-,1 Coluna
https://www.sepd.df.gov.br/w/beneficiarios-do-programa-orteses-e-proteses-recebem-80-cadeiras-de-rodas,,Manual,6,4,"=SE(CONT.SE(A:A; A3) > 1; ""Duplicado""; ""Único"")",Raiz > Secretarias > Beneficiários do programa Órteses e Próteses recebem 80 cadeiras de rodas,Oculta,-,Secretaria da Pessoa com Deficiência > Secretarias > Beneficiários do programa Órteses e Próteses recebem 80 cadeiras de rodas,,-,Página com Formulário,-,Página de Widget,-,-,-,1 Coluna
https://www.sepd.df.gov.br/w/bolsonaro-sanciona-lei-que-define-visao-monocular-como-deficiencia,,Manual,6,4,"=SE(CONT.SE(A:A; A3) > 1; ""Duplicado""; ""Único"")",Raiz > Secretarias > Bolsonaro sanciona lei que define visão monocular como deficiência,Oculta,-,Secretaria da Pessoa com Deficiência > Secretarias > Bolsonaro sanciona lei que define visão monocular como deficiência,,-,Página com Formulário,-,Página de Widget,-,-,-,1 Coluna
https://www.sepd.df.gov.br/w/brasiliense-estreia-nas-piscinas-das-paralimpiadas,,Manual,6,4,"=SE(CONT.SE(A:A; A3) > 1; ""Duplicado""; ""Único"")",Raiz > Secretarias > Brasiliense estreia nas piscinas das Paralimpíadas,Oculta,-,Secretaria da Pessoa com Deficiência > Secretarias > Brasiliense estreia nas piscinas das Paralimpíadas,,-,Página com Formulário,-,Página de Widget,-,-,-,1 Coluna
https://www.sepd.df.gov.br/w/brazlandia-comemora-88-anos-com-torneio-de-volei-de-praia-para-surdos,,Manual,6,4,"=SE(CONT.SE(A:A; A3) > 1; ""Duplicado""; ""Único"")",Raiz > Secretarias > Brazlândia comemora 88 anos com torneio de vôlei de praia para surdos,Oculta,-,Secretaria da Pessoa com Deficiência > Secretarias > Brazlândia comemora 88 anos com torneio de vôlei de praia para surdos,,-,Página com Formulário,-,Página de Widget,-,-,-,1 Coluna
https://www.sepd.df.gov.br/w/brucelose-humana-saiba-como-evitar-ou-tratar-a-doenca,,Manual,6,4,"=SE(CONT.SE(A:A; A3) > 1; ""Duplicado""; ""Único"")",Raiz > Secretarias > Brucelose humana: saiba como evitar ou tratar a doença,Oculta,-,Secretaria da Pessoa com Deficiência > Secretarias > Brucelose humana: saiba como evitar ou tratar a doença,,-,Página com Formulário,-,Página de Widget,-,-,-,1 Coluna
https://www.sepd.df.gov.br/busca,,Manual,5,4,"=SE(CONT.SE(A:A; A3) > 1; ""Duplicado""; ""Único"")",Raiz > Secretarias > Busca,Oculta,-,Secretaria da Pessoa com Deficiência > Secretarias > Busca,,-,Página com Formulário,-,Página de Widget,-,-,-,1 Coluna
https://www.sepd.df.gov.br/w/central-de-intermediacao-em-libras-cil-gdf-2,,Manual,6,4,"=SE(CONT.SE(A:A; A3) > 1; ""Duplicado""; ""Único"")",Raiz > Secretarias > CENTRAL DE INTERMEDIAÇÃO EM LIBRAS (CIL) – GDF,Oculta,-,Secretaria da Pessoa com Deficiência > Secretarias > CENTRAL DE INTERMEDIAÇÃO EM LIBRAS (CIL) – GDF,,-,Página com Formulário,-,Página de Widget,-,-,-,1 Coluna
https://www.sepd.df.gov.br/w/cil-da-asa-sul-abre-inscricoes-no-curso-de-ingles-para-surdos,,Manual,6,4,"=SE(CONT.SE(A:A; A3) > 1; ""Duplicado""; ""Único"")",Raiz > Secretarias > CIL da Asa Sul abre inscrições no curso de inglês para surdos,Oculta,-,Secretaria da Pessoa com Deficiência > Secretarias > CIL da Asa Sul abre inscrições no curso de inglês para surdos,,-,Página com Formulário,-,Página de Widget,-,-,-,1 Coluna
https://www.sepd.df.gov.br/w/confaz-prorroga-icms-que-autoriza-beneficios-fiscais-para-pessoas-com-deficiencia,,Manual,6,4,"=SE(CONT.SE(A:A; A3) > 1; ""Duplicado""; ""Único"")",Raiz > Secretarias > CONFAZ prorroga ICMS que autoriza benefícios fiscais para pessoas com deficiência,Oculta,-,Secretaria da Pessoa com Deficiência > Secretarias > CONFAZ prorroga ICMS que autoriza benefícios fiscais para pessoas com deficiência,,-,Página com Formulário,-,Página de Widget,-,-,-,1 Coluna
https://www.sepd.df.gov.br/w/cadastramento-de-instituicoes-saiba-mais,,Manual,6,8,"=SE(CONT.SE(A:A; A3) > 1; ""Duplicado""; ""Único"")",Raiz > Secretarias > Cadastramento de instituicoes saiba mais,Oculta,-,Secretaria da Pessoa com Deficiência > Secretarias > Cadastramento de instituicoes saiba mais,,-,Página com Formulário,-,Página de Widget,-,-,-,1 Coluna
https://www.sepd.df.gov.br/w/cadastro-da-pessoa-com-deficiencia,,Manual,6,5,"=SE(CONT.SE(A:A; A3) > 1; ""Duplicado""; ""Único"")",Raiz > Secretarias > Cadastro da Pessoa com Deficiência,Oculta,-,Secretaria da Pessoa com Deficiência > Secretarias > Cadastro da Pessoa com Deficiência,,-,Página com Formulário,-,Página de Widget,-,-,-,1 Coluna
https://www.sepd.df.gov.br/w/cadastro-e-agendamento-da-vacinacao-para-pessoas-com-comorbidades,,Manual,6,4,"=SE(CONT.SE(A:A; A3) > 1; ""Duplicado""; ""Único"")",Raiz > Secretarias > Cadastro e agendamento da vacinação para pessoas com comorbidades,Oculta,-,Secretaria da Pessoa com Deficiência > Secretarias > Cadastro e agendamento da vacinação para pessoas com comorbidades,,-,Página com Formulário,-,Página de Widget,-,-,-,1 Coluna
https://www.sepd.df.gov.br/w/cadastro-ortese-e-proteses,,Manual,5,4,"=SE(CONT.SE(A:A; A3) > 1; ""Duplicado""; ""Único"")",Raiz > Secretarias > Cadastro Órtese e Próteses,Oculta,-,Secretaria da Pessoa com Deficiência > Secretarias > Cadastro Órtese e Próteses,,-,Página com Formulário,-,Página de Widget,-,-,-,1 Coluna
https://www.sepd.df.gov.br/w/calor-e-baixa-umidade-deixam-df-em-alerta-vermelho,,Manual,6,4,"=SE(CONT.SE(A:A; A3) > 1; ""Duplicado""; ""Único"")",Raiz > Secretarias > Calor e baixa umidade deixam DF em ‘alerta vermelho’,Oculta,-,Secretaria da Pessoa com Deficiência > Secretarias > Calor e baixa umidade deixam DF em ‘alerta vermelho’,,-,Página com Formulário,-,Página de Widget,-,-,-,1 Coluna
https://www.sepd.df.gov.br/w/caminhada-da-cidadania-propoe-exercicio-de-reflexao-sobre-a-deficiencia-visual,,Manual,6,4,"=SE(CONT.SE(A:A; A3) > 1; ""Duplicado""; ""Único"")",Raiz > Secretarias > Caminhada da Cidadania propõe exercício de reflexão sobre a deficiência visual,Oculta,-,Secretaria da Pessoa com Deficiência > Secretarias > Caminhada da Cidadania propõe exercício de reflexão sobre a deficiência visual,,-,Página com Formulário,-,Página de Widget,-,-,-,1 Coluna
https://www.sepd.df.gov.br/w/campeonato-de-league-of-legends,,Manual,6,4,"=SE(CONT.SE(A:A; A3) > 1; ""Duplicado""; ""Único"")",Raiz > Secretarias > Campeonato de League of Legends,Oculta,-,Secretaria da Pessoa com Deficiência > Secretarias > Campeonato de League of Legends,,-,Página com Formulário,-,Página de Widget,-,-,-,1 Coluna
https://www.sepd.df.gov.br/w/carnaval-inclusivo-pessoas-com-deficiencia-tem-espaco-na-folia,,Manual,6,4,"=SE(CONT.SE(A:A; A3) > 1; ""Duplicado""; ""Único"")",Raiz > Secretarias > Carnaval inclusivo: pessoas com deficiência têm espaço na folia,Oculta,-,Secretaria da Pessoa com Deficiência > Secretarias > Carnaval inclusivo: pessoas com deficiência têm espaço na folia,,-,Página com Formulário,-,Página de Widget,-,-,-,1 Coluna
https://www.sepd.df.gov.br/w/carreta-da-inclus%C3%A3o-projeto-itinerante-oferece-servi%C3%A7os-essenciais-e-experi%C3%AAncias-inclusivas-para-pessoas-com-defici%C3%AAncia,,Manual,5,4,"=SE(CONT.SE(A:A; A3) > 1; ""Duplicado""; ""Único"")",Raiz > Secretarias > Carreta da Inclusão: projeto itinerante oferece serviços essenciais e experiências inclusivas para pessoas com deficiência,Oculta,-,Secretaria da Pessoa com Deficiência > Secretarias > Carreta da Inclusão: projeto itinerante oferece serviços essenciais e experiências inclusivas para pessoas com deficiência,,-,Página com Formulário,-,Página de Widget,-,-,-,1 Coluna
https://www.sepd.df.gov.br/w/carreta-da-inclusao-projeto-itinerante-oferece-servicos-essenciais-e-experiencias-inclusivas-para-pessoas-com-deficiencia,,Manual,6,4,"=SE(CONT.SE(A:A; A3) > 1; ""Duplicado""; ""Único"")",Raiz > Secretarias > Carreta da Inclusão: projeto itinerante oferece serviços essenciais e experiências inclusivas para pessoas com deficiência,Oculta,-,Secretaria da Pessoa com Deficiência > Secretarias > Carreta da Inclusão: projeto itinerante oferece serviços essenciais e experiências inclusivas para pessoas com deficiência,,-,Página com Formulário,-,Página de Widget,-,-,-,1 Coluna
https://www.sepd.df.gov.br/category/carta-de-servicos,,Manual,7,4,"=SE(CONT.SE(A:A; A3) > 1; ""Duplicado""; ""Único"")",Raiz > Secretarias > Carta de Serviços,Oculta,-,Secretaria da Pessoa com Deficiência > Secretarias > Carta de Serviços,,-,Página com Formulário,-,Página de Widget,-,-,-,1 Coluna
https://www.sepd.df.gov.br/texto_carta_de_servicos/,,Manual,7,4,"=SE(CONT.SE(A:A; A3) > 1; ""Duplicado""; ""Único"")",Raiz > Secretarias > Carta de Serviços,Oculta,-,Secretaria da Pessoa com Deficiência > Secretarias > Carta de Serviços,,-,Página com Formulário,-,Página de Widget,-,-,-,1 Coluna
https://www.sepd.df.gov.br/w/carta-de-servicos,,Manual,5,4,"=SE(CONT.SE(A:A; A3) > 1; ""Duplicado""; ""Único"")",Raiz > Secretarias > Carta de Serviços,Oculta,-,Secretaria da Pessoa com Deficiência > Secretarias > Carta de Serviços,,-,Página com Formulário,-,Página de Widget,-,-,-,1 Coluna
https://www.sepd.df.gov.br/w/carteira-de-motorista-para-pessoas-de-baixa-renda,,Manual,6,4,"=SE(CONT.SE(A:A; A3) > 1; ""Duplicado""; ""Único"")",Raiz > Secretarias > Carteira de motorista para pessoas de baixa renda,Oculta,-,Secretaria da Pessoa com Deficiência > Secretarias > Carteira de motorista para pessoas de baixa renda,,-,Página com Formulário,-,Página de Widget,-,-,-,1 Coluna
https://www.sepd.df.gov.br/w/carteira-para-autista-vai-ajudar-o-gdf-a-conhecer-este-publico,,Manual,6,4,"=SE(CONT.SE(A:A; A3) > 1; ""Duplicado""; ""Único"")",Raiz > Secretarias > Carteira para autista vai ajudar o GDF a conhecer este público,Oculta,-,Secretaria da Pessoa com Deficiência > Secretarias > Carteira para autista vai ajudar o GDF a conhecer este público,,-,Página com Formulário,-,Página de Widget,-,-,-,1 Coluna
https://www.sepd.df.gov.br/w/cartilha-evento-acessivel,,Manual,5,5,"=SE(CONT.SE(A:A; A3) > 1; ""Duplicado""; ""Único"")",Raiz > Secretarias > Cartilha Evento Acessível,Oculta,-,Secretaria da Pessoa com Deficiência > Secretarias > Cartilha Evento Acessível,,-,Página com Formulário,-,Página de Widget,-,-,-,1 Coluna
https://www.sepd.df.gov.br/w/casa-de-cha-recebe-mostra-fotografias-inclusivas,,Manual,6,4,"=SE(CONT.SE(A:A; A3) > 1; ""Duplicado""; ""Único"")",Raiz > Secretarias > Casa de Chá recebe mostra Fotografias Inclusivas,Oculta,-,Secretaria da Pessoa com Deficiência > Secretarias > Casa de Chá recebe mostra Fotografias Inclusivas,,-,Página com Formulário,-,Página de Widget,-,-,-,1 Coluna
https://www.sepd.df.gov.br/w/ceia-solidariedade-e-esperanca,,Manual,6,5,"=SE(CONT.SE(A:A; A3) > 1; ""Duplicado""; ""Único"")","Raiz > Secretarias > Ceia, solidariedade e esperança",Oculta,-,"Secretaria da Pessoa com Deficiência > Secretarias > Ceia, solidariedade e esperança",,-,Página com Formulário,-,Página de Widget,-,-,-,1 Coluna
https://www.sepd.df.gov.br/w/central-de-intermediacao-em-libras-cil-gdf,,Manual,5,4,"=SE(CONT.SE(A:A; A3) > 1; ""Duplicado""; ""Único"")",Raiz > Secretarias > Central de Intermediação em Libras (CIL) - GDF,Oculta,-,Secretaria da Pessoa com Deficiência > Secretarias > Central de Intermediação em Libras (CIL) - GDF,,-,Página com Formulário,-,Página de Widget,-,-,-,1 Coluna
https://www.sepd.df.gov.br/w/central-de-intermediacao-em-libras-cil-gdf-1,,Manual,5,4,"=SE(CONT.SE(A:A; A3) > 1; ""Duplicado""; ""Único"")",Raiz > Secretarias > Central de Intermediação em Libras (CIL) – GDF,Oculta,-,Secretaria da Pessoa com Deficiência > Secretarias > Central de Intermediação em Libras (CIL) – GDF,,-,Página com Formulário,-,Página de Widget,-,-,-,1 Coluna
https://www.sepd.df.gov.br/w/central-de-interpretacao-de-libras-cil,,Manual,5,4,"=SE(CONT.SE(A:A; A3) > 1; ""Duplicado""; ""Único"")",Raiz > Secretarias > Central de Interpretação de Libras (CIL),Oculta,-,Secretaria da Pessoa com Deficiência > Secretarias > Central de Interpretação de Libras (CIL),,-,Página com Formulário,-,Página de Widget,-,-,-,1 Coluna
https://www.sepd.df.gov.br/w/central-de-interpretacao-de-libras-cil-gdf,,Manual,5,4,"=SE(CONT.SE(A:A; A3) > 1; ""Duplicado""; ""Único"")",Raiz > Secretarias > Central de Interpretação de Libras (CIL) – GDF,Oculta,-,Secretaria da Pessoa com Deficiência > Secretarias > Central de Interpretação de Libras (CIL) – GDF,,-,Página com Formulário,-,Página de Widget,-,-,-,1 Coluna
https://www.sepd.df.gov.br/w/central-de-interpretacao-de-libras-recebe-carro-para-atendimentos-a-surdos,,Manual,6,4,"=SE(CONT.SE(A:A; A3) > 1; ""Duplicado""; ""Único"")",Raiz > Secretarias > Central de Interpretação de Libras recebe carro para atendimentos a surdos,Oculta,-,Secretaria da Pessoa com Deficiência > Secretarias > Central de Interpretação de Libras recebe carro para atendimentos a surdos,,-,Página com Formulário,-,Página de Widget,-,-,-,1 Coluna
https://www.sepd.df.gov.br/w/central-de-libras,,Manual,5,4,"=SE(CONT.SE(A:A; A3) > 1; ""Duplicado""; ""Único"")",Raiz > Secretarias > Central de Libras,Oculta,-,Secretaria da Pessoa com Deficiência > Secretarias > Central de Libras,,-,Página com Formulário,-,Página de Widget,-,-,-,1 Coluna
https://www.sepd.df.gov.br/w/centros-interescolares-de-linguas-abrem-inscricoes-para-a-comunidade,,Manual,6,4,"=SE(CONT.SE(A:A; A3) > 1; ""Duplicado""; ""Único"")",Raiz > Secretarias > Centros Interescolares de línguas abrem inscrições para a comunidade,Oculta,-,Secretaria da Pessoa com Deficiência > Secretarias > Centros Interescolares de línguas abrem inscrições para a comunidade,,-,Página com Formulário,-,Página de Widget,-,-,-,1 Coluna
https://www.sepd.df.gov.br/w/centros-olimpicos-e-paralimpicos-fazem-rematriculas-a-partir-do-dia-24/8,,Manual,6,4,"=SE(CONT.SE(A:A; A3) > 1; ""Duplicado""; ""Único"")",Raiz > Secretarias > Centros Olímpicos e Paralímpicos fazem rematrículas a partir do dia 24/8,Oculta,-,Secretaria da Pessoa com Deficiência > Secretarias > Centros Olímpicos e Paralímpicos fazem rematrículas a partir do dia 24/8,,-,Página com Formulário,-,Página de Widget,-,-,-,1 Coluna
https://www.sepd.df.gov.br/w/centros-olimpicos-e-paralimpicos-vao-abrir-inscricoes,,Manual,6,4,"=SE(CONT.SE(A:A; A3) > 1; ""Duplicado""; ""Único"")",Raiz > Secretarias > Centros olímpicos e paralímpicos vão abrir inscrições,Oculta,-,Secretaria da Pessoa com Deficiência > Secretarias > Centros olímpicos e paralímpicos vão abrir inscrições,,-,Página com Formulário,-,Página de Widget,-,-,-,1 Coluna
https://www.sepd.df.gov.br/w/centros-olimpicos-voltam-a-funcionar-em-tres-cidades-do-df,,Manual,6,4,"=SE(CONT.SE(A:A; A3) > 1; ""Duplicado""; ""Único"")",Raiz > Secretarias > Centros olímpicos voltam a funcionar em três cidades do DF,Oculta,-,Secretaria da Pessoa com Deficiência > Secretarias > Centros olímpicos voltam a funcionar em três cidades do DF,,-,Página com Formulário,-,Página de Widget,-,-,-,1 Coluna
https://www.sepd.df.gov.br/w/cerimonia-premia-vencedores-do-1-concurso-fotografico-inclusivo-do-distrito-federal,,Manual,6,5,"=SE(CONT.SE(A:A; A3) > 1; ""Duplicado""; ""Único"")",Raiz > Secretarias > Cerimônia premia vencedores do 1° Concurso Fotográfico Inclusivo do Distrito Federal,Oculta,-,Secretaria da Pessoa com Deficiência > Secretarias > Cerimônia premia vencedores do 1° Concurso Fotográfico Inclusivo do Distrito Federal,,-,Página com Formulário,-,Página de Widget,-,-,-,1 Coluna
https://www.sepd.df.gov.br/w/certificados,,Manual,5,6,"=SE(CONT.SE(A:A; A3) > 1; ""Duplicado""; ""Único"")",Raiz > Secretarias > Certificados,Oculta,-,Secretaria da Pessoa com Deficiência > Secretarias > Certificados,,-,Página com Formulário,-,Página de Widget,-,-,-,1 Coluna
https://www.sepd.df.gov.br/w/clipping-sepd-df-dia-08-de-novembro-de-2021,,Manual,6,4,"=SE(CONT.SE(A:A; A3) > 1; ""Duplicado""; ""Único"")",Raiz > Secretarias > Clipping SEPD DF – dia 08 de novembro de 2021,Oculta,-,Secretaria da Pessoa com Deficiência > Secretarias > Clipping SEPD DF – dia 08 de novembro de 2021,,-,Página com Formulário,-,Página de Widget,-,-,-,1 Coluna
https://www.sepd.df.gov.br/w/clipping-sepd-dia-09-de-setembro-de-2021,,Manual,6,4,"=SE(CONT.SE(A:A; A3) > 1; ""Duplicado""; ""Único"")",Raiz > Secretarias > Clipping SEPD – dia 09 de setembro de 2021,Oculta,-,Secretaria da Pessoa com Deficiência > Secretarias > Clipping SEPD – dia 09 de setembro de 2021,,-,Página com Formulário,-,Página de Widget,-,-,-,1 Coluna
https://www.sepd.df.gov.br/w/clipping-sepd-dia-10-de-agosto-de-2021,,Manual,6,4,"=SE(CONT.SE(A:A; A3) > 1; ""Duplicado""; ""Único"")",Raiz > Secretarias > Clipping SEPD – dia 10 de agosto de 2021,Oculta,-,Secretaria da Pessoa com Deficiência > Secretarias > Clipping SEPD – dia 10 de agosto de 2021,,-,Página com Formulário,-,Página de Widget,-,-,-,1 Coluna
https://www.sepd.df.gov.br/w/clipping-sepd-dia-12-de-agosto-de-2021,,Manual,6,4,"=SE(CONT.SE(A:A; A3) > 1; ""Duplicado""; ""Único"")",Raiz > Secretarias > Clipping SEPD – dia 12 de agosto de 2021,Oculta,-,Secretaria da Pessoa com Deficiência > Secretarias > Clipping SEPD – dia 12 de agosto de 2021,,-,Página com Formulário,-,Página de Widget,-,-,-,1 Coluna
https://www.sepd.df.gov.br/w/clipping-sepd-dia-12-de-agosto-de-2021-1,,Manual,6,4,"=SE(CONT.SE(A:A; A3) > 1; ""Duplicado""; ""Único"")",Raiz > Secretarias > Clipping SEPD – dia 12 de agosto de 2021,Oculta,-,Secretaria da Pessoa com Deficiência > Secretarias > Clipping SEPD – dia 12 de agosto de 2021,,-,Página com Formulário,-,Página de Widget,-,-,-,1 Coluna
https://www.sepd.df.gov.br/w/clipping-sepd-dia-18-de-agosto-de-2021,,Manual,6,4,"=SE(CONT.SE(A:A; A3) > 1; ""Duplicado""; ""Único"")",Raiz > Secretarias > Clipping SEPD – dia 18 de agosto de 2021,Oculta,-,Secretaria da Pessoa com Deficiência > Secretarias > Clipping SEPD – dia 18 de agosto de 2021,,-,Página com Formulário,-,Página de Widget,-,-,-,1 Coluna
https://www.sepd.df.gov.br/w/clipping-sepd-dia-25-de-outubro-de-2021,,Manual,6,4,"=SE(CONT.SE(A:A; A3) > 1; ""Duplicado""; ""Único"")",Raiz > Secretarias > Clipping SEPD – dia 25 de outubro de 2021,Oculta,-,Secretaria da Pessoa com Deficiência > Secretarias > Clipping SEPD – dia 25 de outubro de 2021,,-,Página com Formulário,-,Página de Widget,-,-,-,1 Coluna
https://www.sepd.df.gov.br/w/clipping-sepd-dia-4-de-agosto-de-2021,,Manual,6,4,"=SE(CONT.SE(A:A; A3) > 1; ""Duplicado""; ""Único"")",Raiz > Secretarias > Clipping SEPD – dia 4 de agosto de 2021,Oculta,-,Secretaria da Pessoa com Deficiência > Secretarias > Clipping SEPD – dia 4 de agosto de 2021,,-,Página com Formulário,-,Página de Widget,-,-,-,1 Coluna
https://www.sepd.df.gov.br/w/clipping-de-noticias,,Manual,5,4,"=SE(CONT.SE(A:A; A3) > 1; ""Duplicado""; ""Único"")",Raiz > Secretarias > Clipping de notícias,Oculta,-,Secretaria da Pessoa com Deficiência > Secretarias > Clipping de notícias,,-,Página com Formulário,-,Página de Widget,-,-,-,1 Coluna
https://www.sepd.df.gov.br/w/clipping-diario-dia-22-janeiro-de-2021,,Manual,6,4,"=SE(CONT.SE(A:A; A3) > 1; ""Duplicado""; ""Único"")",Raiz > Secretarias > Clipping diário – dia 22 janeiro de 2021,Oculta,-,Secretaria da Pessoa com Deficiência > Secretarias > Clipping diário – dia 22 janeiro de 2021,,-,Página com Formulário,-,Página de Widget,-,-,-,1 Coluna
https://www.sepd.df.gov.br/w/clipping-diario-dia-29-de-julho-de-2021,,Manual,6,4,"=SE(CONT.SE(A:A; A3) > 1; ""Duplicado""; ""Único"")",Raiz > Secretarias > Clipping diário – dia 29 de julho de 2021,Oculta,-,Secretaria da Pessoa com Deficiência > Secretarias > Clipping diário – dia 29 de julho de 2021,,-,Página com Formulário,-,Página de Widget,-,-,-,1 Coluna
https://www.sepd.df.gov.br/w/clipping-dia-06-de-agosto-de-2021,,Manual,6,4,"=SE(CONT.SE(A:A; A3) > 1; ""Duplicado""; ""Único"")",Raiz > Secretarias > Clipping – dia 06 de agosto de 2021,Oculta,-,Secretaria da Pessoa com Deficiência > Secretarias > Clipping – dia 06 de agosto de 2021,,-,Página com Formulário,-,Página de Widget,-,-,-,1 Coluna
https://www.sepd.df.gov.br/w/clipping-dia-11-de-novembro-de-2021,,Manual,6,4,"=SE(CONT.SE(A:A; A3) > 1; ""Duplicado""; ""Único"")",Raiz > Secretarias > Clipping – dia 11 de novembro de 2021,Oculta,-,Secretaria da Pessoa com Deficiência > Secretarias > Clipping – dia 11 de novembro de 2021,,-,Página com Formulário,-,Página de Widget,-,-,-,1 Coluna
https://www.sepd.df.gov.br/w/coddede,,Manual,5,4,"=SE(CONT.SE(A:A; A3) > 1; ""Duplicado""; ""Único"")",Raiz > Secretarias > Coddede,Oculta,-,Secretaria da Pessoa com Deficiência > Secretarias > Coddede,,-,Página com Formulário,-,Página de Widget,-,-,-,1 Coluna
https://www.sepd.df.gov.br/w/codhab-prorroga-prazo-de-inscricao-para-o-programa-morar-bem,,Manual,6,4,"=SE(CONT.SE(A:A; A3) > 1; ""Duplicado""; ""Único"")",Raiz > Secretarias > Codhab prorroga prazo de inscrição para o programa Morar Bem,Oculta,-,Secretaria da Pessoa com Deficiência > Secretarias > Codhab prorroga prazo de inscrição para o programa Morar Bem,,-,Página com Formulário,-,Página de Widget,-,-,-,1 Coluna
https://www.sepd.df.gov.br/w/codhab-pessoas-com-deficiencia-poderao-ter-casas-reformadas,,Manual,6,4,"=SE(CONT.SE(A:A; A3) > 1; ""Duplicado""; ""Único"")",Raiz > Secretarias > Codhab: pessoas com deficiência poderão ter casas reformadas,Oculta,-,Secretaria da Pessoa com Deficiência > Secretarias > Codhab: pessoas com deficiência poderão ter casas reformadas,,-,Página com Formulário,-,Página de Widget,-,-,-,1 Coluna
https://www.sepd.df.gov.br/w/com-participacao-do-mcti-decreto-regulamenta-o-plano-nacional-de-tecnologia-assistiva,,Manual,6,4,"=SE(CONT.SE(A:A; A3) > 1; ""Duplicado""; ""Único"")","Raiz > Secretarias > Com participação do MCTI, decreto regulamenta o Plano Nacional de Tecnologia Assistiva",Oculta,-,"Secretaria da Pessoa com Deficiência > Secretarias > Com participação do MCTI, decreto regulamenta o Plano Nacional de Tecnologia Assistiva",,-,Página com Formulário,-,Página de Widget,-,-,-,1 Coluna
https://www.sepd.df.gov.br/w/combate-a-violencia-sexual-nos-onibus,,Manual,6,4,"=SE(CONT.SE(A:A; A3) > 1; ""Duplicado""; ""Único"")",Raiz > Secretarias > Combate à violência sexual nos ônibus,Oculta,-,Secretaria da Pessoa com Deficiência > Secretarias > Combate à violência sexual nos ônibus,,-,Página com Formulário,-,Página de Widget,-,-,-,1 Coluna
https://www.sepd.df.gov.br/w/comeca-a-campanha-do-agasalho-solidario-2021,,Manual,6,4,"=SE(CONT.SE(A:A; A3) > 1; ""Duplicado""; ""Único"")",Raiz > Secretarias > Começa a Campanha do Agasalho Solidário 2021,Oculta,-,Secretaria da Pessoa com Deficiência > Secretarias > Começa a Campanha do Agasalho Solidário 2021,,-,Página com Formulário,-,Página de Widget,-,-,-,1 Coluna
https://www.sepd.df.gov.br/w/comeca-a-semana-da-luta-antimanicomial-por-tratamento-digno,,Manual,6,4,"=SE(CONT.SE(A:A; A3) > 1; ""Duplicado""; ""Único"")",Raiz > Secretarias > Começa a Semana da Luta Antimanicomial por tratamento digno,Oculta,-,Secretaria da Pessoa com Deficiência > Secretarias > Começa a Semana da Luta Antimanicomial por tratamento digno,,-,Página com Formulário,-,Página de Widget,-,-,-,1 Coluna
https://www.sepd.df.gov.br/w/como-solicitar-o-passe-livre-especial,,Manual,5,4,"=SE(CONT.SE(A:A; A3) > 1; ""Duplicado""; ""Único"")",Raiz > Secretarias > Como solicitar o Passe Livre Especial,Oculta,-,Secretaria da Pessoa com Deficiência > Secretarias > Como solicitar o Passe Livre Especial,,-,Página com Formulário,-,Página de Widget,-,-,-,1 Coluna
https://www.sepd.df.gov.br/w/como-solicitar-o-passe-livre-especial-1,,Manual,6,4,"=SE(CONT.SE(A:A; A3) > 1; ""Duplicado""; ""Único"")",Raiz > Secretarias > Como solicitar o Passe Livre Especial,Oculta,-,Secretaria da Pessoa com Deficiência > Secretarias > Como solicitar o Passe Livre Especial,,-,Página com Formulário,-,Página de Widget,-,-,-,1 Coluna
https://www.sepd.df.gov.br/w/como-vai-funcionar-o-mutirao-da-vacinacao-no-fim-de-semana,,Manual,6,5,"=SE(CONT.SE(A:A; A3) > 1; ""Duplicado""; ""Único"")",Raiz > Secretarias > Como vai funcionar o mutirão da vacinação no fim de semana,Oculta,-,Secretaria da Pessoa com Deficiência > Secretarias > Como vai funcionar o mutirão da vacinação no fim de semana,,-,Página com Formulário,-,Página de Widget,-,-,-,1 Coluna
https://www.sepd.df.gov.br/w/como-e-a-rede-de-atendimento-das-pessoas-com-tea,,Manual,6,4,"=SE(CONT.SE(A:A; A3) > 1; ""Duplicado""; ""Único"")",Raiz > Secretarias > Como é a rede de atendimento das pessoas com TEA?,Oculta,-,Secretaria da Pessoa com Deficiência > Secretarias > Como é a rede de atendimento das pessoas com TEA?,,-,Página com Formulário,-,Página de Widget,-,-,-,1 Coluna
https://www.sepd.df.gov.br/w/companhia-de-desenvolvimento-habitacional-do-df-codhab,,Manual,5,4,"=SE(CONT.SE(A:A; A3) > 1; ""Duplicado""; ""Único"")",Raiz > Secretarias > Companhia de Desenvolvimento Habitacional do DF (Codhab),Oculta,-,Secretaria da Pessoa com Deficiência > Secretarias > Companhia de Desenvolvimento Habitacional do DF (Codhab),,-,Página com Formulário,-,Página de Widget,-,-,-,1 Coluna
https://www.sepd.df.gov.br/w/competencia,,Manual,5,4,"=SE(CONT.SE(A:A; A3) > 1; ""Duplicado""; ""Único"")",Raiz > Secretarias > Competência,Oculta,-,Secretaria da Pessoa com Deficiência > Secretarias > Competência,,-,Página com Formulário,-,Página de Widget,-,-,-,1 Coluna
https://www.sepd.df.gov.br/category/comunicacao,,Manual,6,4,"=SE(CONT.SE(A:A; A3) > 1; ""Duplicado""; ""Único"")",Raiz > Secretarias > Comunicação,Oculta,-,Secretaria da Pessoa com Deficiência > Secretarias > Comunicação,,-,Página com Formulário,-,Página de Widget,-,-,-,1 Coluna
https://www.sepd.df.gov.br/w/comunicacao-acessivel-e-empatia-e-tema-de-workshop-ministrado-pela-sepd,,Manual,6,4,"=SE(CONT.SE(A:A; A3) > 1; ""Duplicado""; ""Único"")",Raiz > Secretarias > Comunicação acessível e empatia é tema de workshop ministrado pela SEPD,Oculta,-,Secretaria da Pessoa com Deficiência > Secretarias > Comunicação acessível e empatia é tema de workshop ministrado pela SEPD,,-,Página com Formulário,-,Página de Widget,-,-,-,1 Coluna
https://www.sepd.df.gov.br/w/comunicacao-acessivel-nas-redes-sociais-da-educacao,,Manual,6,4,"=SE(CONT.SE(A:A; A3) > 1; ""Duplicado""; ""Único"")",Raiz > Secretarias > Comunicação acessível nas redes sociais da Educação,Oculta,-,Secretaria da Pessoa com Deficiência > Secretarias > Comunicação acessível nas redes sociais da Educação,,-,Página com Formulário,-,Página de Widget,-,-,-,1 Coluna
https://www.sepd.df.gov.br/w/comunicacao-garantida-para-7-mil-surdos,,Manual,6,4,"=SE(CONT.SE(A:A; A3) > 1; ""Duplicado""; ""Único"")",Raiz > Secretarias > Comunicação garantida para 7 mil surdos,Oculta,-,Secretaria da Pessoa com Deficiência > Secretarias > Comunicação garantida para 7 mil surdos,,-,Página com Formulário,-,Página de Widget,-,-,-,1 Coluna
https://www.sepd.df.gov.br/w/conheca-a-lei-de-acesso-a-informacao,,Manual,5,4,"=SE(CONT.SE(A:A; A3) > 1; ""Duplicado""; ""Único"")",Raiz > Secretarias > Conheça a Lei de Acesso à Informação,Oculta,-,Secretaria da Pessoa com Deficiência > Secretarias > Conheça a Lei de Acesso à Informação,,-,Página com Formulário,-,Página de Widget,-,-,-,1 Coluna
https://www.sepd.df.gov.br/w/conheca-a-lei-de-acesso-a-informacao-1,,Manual,6,4,"=SE(CONT.SE(A:A; A3) > 1; ""Duplicado""; ""Único"")",Raiz > Secretarias > Conheça a Lei de Acesso à Informação,Oculta,-,Secretaria da Pessoa com Deficiência > Secretarias > Conheça a Lei de Acesso à Informação,,-,Página com Formulário,-,Página de Widget,-,-,-,1 Coluna
https://www.sepd.df.gov.br/w/conheca-a-historia-de-brasilia-no-site-do-diario-oficial,,Manual,6,4,"=SE(CONT.SE(A:A; A3) > 1; ""Duplicado""; ""Único"")",Raiz > Secretarias > Conheça a história de Brasília no site do Diário Oficial,Oculta,-,Secretaria da Pessoa com Deficiência > Secretarias > Conheça a história de Brasília no site do Diário Oficial,,-,Página com Formulário,-,Página de Widget,-,-,-,1 Coluna
https://www.sepd.df.gov.br/w/consulta-publica-sobre-mudancas-do-clima-esta-aberta-a-populacao,,Manual,6,4,"=SE(CONT.SE(A:A; A3) > 1; ""Duplicado""; ""Único"")",Raiz > Secretarias > Consulta pública sobre mudanças do clima está aberta à população,Oculta,-,Secretaria da Pessoa com Deficiência > Secretarias > Consulta pública sobre mudanças do clima está aberta à população,,-,Página com Formulário,-,Página de Widget,-,-,-,1 Coluna
https://www.sepd.df.gov.br/menu-sec/sobre-a-secretaria/contatos,,Manual,6,4,"=SE(CONT.SE(A:A; A3) > 1; ""Duplicado""; ""Único"")",Raiz > Secretarias > Contatos,Oculta,-,Secretaria da Pessoa com Deficiência > Secretarias > Contatos,,-,Página com Formulário,-,Página de Widget,-,-,-,1 Coluna
https://www.sepd.df.gov.br/pt/menu-sec/sobre-a-secretaria/contatos,,Manual,6,4,"=SE(CONT.SE(A:A; A3) > 1; ""Duplicado""; ""Único"")",Raiz > Secretarias > Contatos,Oculta,-,Secretaria da Pessoa com Deficiência > Secretarias > Contatos,,-,Página com Formulário,-,Página de Widget,-,-,-,1 Coluna
https://www.sepd.df.gov.br/w/contatos,,Manual,5,4,"=SE(CONT.SE(A:A; A3) > 1; ""Duplicado""; ""Único"")",Raiz > Secretarias > Contatos,Oculta,-,Secretaria da Pessoa com Deficiência > Secretarias > Contatos,,-,Página com Formulário,-,Página de Widget,-,-,-,1 Coluna
https://www.sepd.df.gov.br/w/contratos,,Manual,5,5,"=SE(CONT.SE(A:A; A3) > 1; ""Duplicado""; ""Único"")",Raiz > Secretarias > Contratos,Oculta,-,Secretaria da Pessoa com Deficiência > Secretarias > Contratos,,-,Página com Formulário,-,Página de Widget,-,-,-,1 Coluna
https://www.sepd.df.gov.br/w/contratos-1,,Manual,6,5,"=SE(CONT.SE(A:A; A3) > 1; ""Duplicado""; ""Único"")",Raiz > Secretarias > Contratos,Oculta,-,Secretaria da Pessoa com Deficiência > Secretarias > Contratos,,-,Página com Formulário,-,Página de Widget,-,-,-,1 Coluna
https://www.sepd.df.gov.br/w/controladoria-geral-e-sepd-assinam-acordo-por-ouvidorias-mais-acessiveis-no-df,,Manual,6,6,"=SE(CONT.SE(A:A; A3) > 1; ""Duplicado""; ""Único"")",Raiz > Secretarias > Controladoria-Geral e SEPD assinam acordo por ouvidorias mais acessíveis no DF,Oculta,-,Secretaria da Pessoa com Deficiência > Secretarias > Controladoria-Geral e SEPD assinam acordo por ouvidorias mais acessíveis no DF,,-,Página com Formulário,-,Página de Widget,-,-,-,1 Coluna
https://www.sepd.df.gov.br/w/controladoria-geral-lanca-novo-guia-de-transparencia-ativa,,Manual,6,4,"=SE(CONT.SE(A:A; A3) > 1; ""Duplicado""; ""Único"")",Raiz > Secretarias > Controladoria-Geral lança novo Guia de Transparência Ativa,Oculta,-,Secretaria da Pessoa com Deficiência > Secretarias > Controladoria-Geral lança novo Guia de Transparência Ativa,,-,Página com Formulário,-,Página de Widget,-,-,-,1 Coluna
https://www.sepd.df.gov.br/w/convenios,,Manual,5,4,"=SE(CONT.SE(A:A; A3) > 1; ""Duplicado""; ""Único"")",Raiz > Secretarias > Convênios,Oculta,-,Secretaria da Pessoa com Deficiência > Secretarias > Convênios,,-,Página com Formulário,-,Página de Widget,-,-,-,1 Coluna
https://www.sepd.df.gov.br/w/convenios-1,,Manual,6,4,"=SE(CONT.SE(A:A; A3) > 1; ""Duplicado""; ""Único"")",Raiz > Secretarias > Convênios,Oculta,-,Secretaria da Pessoa com Deficiência > Secretarias > Convênios,,-,Página com Formulário,-,Página de Widget,-,-,-,1 Coluna
https://www.sepd.df.gov.br/w/covid-19-ou-influenza-qual-vacina-devo-tomar,,Manual,6,4,"=SE(CONT.SE(A:A; A3) > 1; ""Duplicado""; ""Único"")",Raiz > Secretarias > Covid-19 ou influenza: qual vacina devo tomar?,Oculta,-,Secretaria da Pessoa com Deficiência > Secretarias > Covid-19 ou influenza: qual vacina devo tomar?,,-,Página com Formulário,-,Página de Widget,-,-,-,1 Coluna
https://www.sepd.df.gov.br/w/criancas-menores-de-cinco-anos-precisam-ser-vacinadas-contra-a-poliomielite,,Manual,6,4,"=SE(CONT.SE(A:A; A3) > 1; ""Duplicado""; ""Único"")",Raiz > Secretarias > Crianças menores de cinco anos precisam ser vacinadas contra a poliomielite,Oculta,-,Secretaria da Pessoa com Deficiência > Secretarias > Crianças menores de cinco anos precisam ser vacinadas contra a poliomielite,,-,Página com Formulário,-,Página de Widget,-,-,-,1 Coluna
https://www.sepd.df.gov.br/w/crisdown-oferece-shantala-em-casa-via-chamada-de-video,,Manual,6,4,"=SE(CONT.SE(A:A; A3) > 1; ""Duplicado""; ""Único"")","Raiz > Secretarias > CrisDown oferece shantala em casa, via chamada de vídeo",Oculta,-,"Secretaria da Pessoa com Deficiência > Secretarias > CrisDown oferece shantala em casa, via chamada de vídeo",,-,Página com Formulário,-,Página de Widget,-,-,-,1 Coluna
https://www.sepd.df.gov.br/w/camara-aprova-projeto-que-classifica-visao-monocular-como-deficiencia-visual,,Manual,6,4,"=SE(CONT.SE(A:A; A3) > 1; ""Duplicado""; ""Único"")",Raiz > Secretarias > Câmara aprova projeto que classifica visão monocular como deficiência visual,Oculta,-,Secretaria da Pessoa com Deficiência > Secretarias > Câmara aprova projeto que classifica visão monocular como deficiência visual,,-,Página com Formulário,-,Página de Widget,-,-,-,1 Coluna
https://www.sepd.df.gov.br/w/df-acessivel,,Manual,6,4,"=SE(CONT.SE(A:A; A3) > 1; ""Duplicado""; ""Único"")",Raiz > Secretarias > DF Acessível,Oculta,-,Secretaria da Pessoa com Deficiência > Secretarias > DF Acessível,,-,Página com Formulário,-,Página de Widget,-,-,-,1 Coluna
https://www.sepd.df.gov.br/w/df-acessivel-garante-transporte-gratuito-a-pessoas-com-deficiencias-severas,,Manual,5,4,"=SE(CONT.SE(A:A; A3) > 1; ""Duplicado""; ""Único"")",Raiz > Secretarias > DF Acessível garante transporte gratuito a pessoas com deficiências severas,Oculta,-,Secretaria da Pessoa com Deficiência > Secretarias > DF Acessível garante transporte gratuito a pessoas com deficiências severas,,-,Página com Formulário,-,Página de Widget,-,-,-,1 Coluna
https://www.sepd.df.gov.br/w/df-acessivel-garante-transporte-gratuito-a-pessoas-com-deficiencias-severas-1,,Manual,6,4,"=SE(CONT.SE(A:A; A3) > 1; ""Duplicado""; ""Único"")",Raiz > Secretarias > DF Acessível garante transporte gratuito a pessoas com deficiências severas,Oculta,-,Secretaria da Pessoa com Deficiência > Secretarias > DF Acessível garante transporte gratuito a pessoas com deficiências severas,,-,Página com Formulário,-,Página de Widget,-,-,-,1 Coluna
https://www.sepd.df.gov.br/w/df-acessivel-agendar-viagens,,Manual,5,4,"=SE(CONT.SE(A:A; A3) > 1; ""Duplicado""; ""Único"")",Raiz > Secretarias > DF Acessível – Agendar viagens,Oculta,-,Secretaria da Pessoa com Deficiência > Secretarias > DF Acessível – Agendar viagens,,-,Página com Formulário,-,Página de Widget,-,-,-,1 Coluna
https://www.sepd.df.gov.br/w/df-ganha-clinica-da-mulher-com-capacidade-para-37-mil-atendimentos-por-mes,,Manual,6,4,"=SE(CONT.SE(A:A; A3) > 1; ""Duplicado""; ""Único"")","Raiz > Secretarias > DF ganha clínica da mulher com capacidade para 3,7 mil atendimentos por mês",Oculta,-,"Secretaria da Pessoa com Deficiência > Secretarias > DF ganha clínica da mulher com capacidade para 3,7 mil atendimentos por mês",,-,Página com Formulário,-,Página de Widget,-,-,-,1 Coluna
https://www.sepd.df.gov.br/w/df-garante-atendimento-prioritario-para-pessoas-com-autismo,,Manual,6,4,"=SE(CONT.SE(A:A; A3) > 1; ""Duplicado""; ""Único"")",Raiz > Secretarias > DF garante atendimento prioritário para pessoas com autismo,Oculta,-,Secretaria da Pessoa com Deficiência > Secretarias > DF garante atendimento prioritário para pessoas com autismo,,-,Página com Formulário,-,Página de Widget,-,-,-,1 Coluna
https://www.sepd.df.gov.br/w/df-institui-5-de-setembro-como-dia-da-cultura-surda,,Manual,5,5,"=SE(CONT.SE(A:A; A3) > 1; ""Duplicado""; ""Único"")",Raiz > Secretarias > DF institui 5 de setembro como Dia da Cultura Surda,Oculta,-,Secretaria da Pessoa com Deficiência > Secretarias > DF institui 5 de setembro como Dia da Cultura Surda,,-,Página com Formulário,-,Página de Widget,-,-,-,1 Coluna
https://www.sepd.df.gov.br/w/df-institui-5-de-setembro-como-dia-da-cultura-surda-1,,Manual,6,5,"=SE(CONT.SE(A:A; A3) > 1; ""Duplicado""; ""Único"")",Raiz > Secretarias > DF institui 5 de setembro como Dia da Cultura Surda,Oculta,-,Secretaria da Pessoa com Deficiência > Secretarias > DF institui 5 de setembro como Dia da Cultura Surda,,-,Página com Formulário,-,Página de Widget,-,-,-,1 Coluna
https://www.sepd.df.gov.br/w/df-nao-registra-caso-de-paralisia-infantil-desde-1987,,Manual,6,4,"=SE(CONT.SE(A:A; A3) > 1; ""Duplicado""; ""Único"")",Raiz > Secretarias > DF não registra caso de paralisia infantil desde 1987,Oculta,-,Secretaria da Pessoa com Deficiência > Secretarias > DF não registra caso de paralisia infantil desde 1987,,-,Página com Formulário,-,Página de Widget,-,-,-,1 Coluna
https://www.sepd.df.gov.br/w/despesas-1,,Manual,12,4,"=SE(CONT.SE(A:A; A3) > 1; ""Duplicado""; ""Único"")",Raiz > Secretarias > Despesas,Oculta,-,Secretaria da Pessoa com Deficiência > Secretarias > Despesas,,-,Página com Colapsável,-,Página de Widget,-,-,-,1 Coluna
https://www.sepd.df.gov.br/w/detran-lanca-credencial-de-estacionamento-para-pessoas-autistas,,Manual,6,4,"=SE(CONT.SE(A:A; A3) > 1; ""Duplicado""; ""Único"")",Raiz > Secretarias > Detran lança credencial de estacionamento para pessoas autistas,Oculta,-,Secretaria da Pessoa com Deficiência > Secretarias > Detran lança credencial de estacionamento para pessoas autistas,,-,Página com Formulário,-,Página de Widget,-,-,-,1 Coluna
https://www.sepd.df.gov.br/w/dez-esportistas-do-df-participam-dos-jogos-paralimpicos,,Manual,6,4,"=SE(CONT.SE(A:A; A3) > 1; ""Duplicado""; ""Único"")",Raiz > Secretarias > Dez esportistas do DF participam dos Jogos Paralímpicos,Oculta,-,Secretaria da Pessoa com Deficiência > Secretarias > Dez esportistas do DF participam dos Jogos Paralímpicos,,-,Página com Formulário,-,Página de Widget,-,-,-,1 Coluna
https://www.sepd.df.gov.br/w/dia-2-de-abril-marca-o-dia-mundial-da-conscientizacao-do-autismo,,Manual,6,4,"=SE(CONT.SE(A:A; A3) > 1; ""Duplicado""; ""Único"")",Raiz > Secretarias > Dia 2 de abril marca o Dia Mundial da Conscientização do Autismo,Oculta,-,Secretaria da Pessoa com Deficiência > Secretarias > Dia 2 de abril marca o Dia Mundial da Conscientização do Autismo,,-,Página com Formulário,-,Página de Widget,-,-,-,1 Coluna
https://www.sepd.df.gov.br/w/dia-da-mulher-gdf-anuncia-medidas-de-seguranca-e-acolhimento,,Manual,6,5,"=SE(CONT.SE(A:A; A3) > 1; ""Duplicado""; ""Único"")",Raiz > Secretarias > Dia da Mulher: GDF anuncia medidas de segurança e acolhimento,Oculta,-,Secretaria da Pessoa com Deficiência > Secretarias > Dia da Mulher: GDF anuncia medidas de segurança e acolhimento,,-,Página com Formulário,-,Página de Widget,-,-,-,1 Coluna
https://www.sepd.df.gov.br/w/dia-do-deficiente-visual-df-oferece-servicos-e-busca-inclusao,,Manual,6,4,"=SE(CONT.SE(A:A; A3) > 1; ""Duplicado""; ""Único"")",Raiz > Secretarias > Dia do Deficiente Visual: DF oferece serviços e busca inclusão,Oculta,-,Secretaria da Pessoa com Deficiência > Secretarias > Dia do Deficiente Visual: DF oferece serviços e busca inclusão,,-,Página com Formulário,-,Página de Widget,-,-,-,1 Coluna
https://www.sepd.df.gov.br/w/dia-do-orgulho-autista-secretaria-da-pessoa-com-deficiencia-celebra-as-conquistas-do-segmento,,Manual,6,4,"=SE(CONT.SE(A:A; A3) > 1; ""Duplicado""; ""Único"")",Raiz > Secretarias > Dia do Orgulho Autista: Secretaria da Pessoa com Deficiência celebra as conquistas do segmento,Oculta,-,Secretaria da Pessoa com Deficiência > Secretarias > Dia do Orgulho Autista: Secretaria da Pessoa com Deficiência celebra as conquistas do segmento,,-,Página com Formulário,-,Página de Widget,-,-,-,1 Coluna
https://www.sepd.df.gov.br/w/direitos-pcd,,Manual,5,4,"=SE(CONT.SE(A:A; A3) > 1; ""Duplicado""; ""Único"")",Raiz > Secretarias > Direitos PCD,Oculta,-,Secretaria da Pessoa com Deficiência > Secretarias > Direitos PCD,,-,Página com Formulário,-,Página de Widget,-,-,-,1 Coluna
https://www.sepd.df.gov.br/w/direitos-e-benef%C3%ADcios,,Manual,5,5,"=SE(CONT.SE(A:A; A3) > 1; ""Duplicado""; ""Único"")",Raiz > Secretarias > Direitos e Benefícios,Oculta,-,Secretaria da Pessoa com Deficiência > Secretarias > Direitos e Benefícios,,-,Página com Formulário,-,Página de Widget,-,-,-,1 Coluna
https://www.sepd.df.gov.br/w/direitos-e-beneficios,,Manual,5,5,"=SE(CONT.SE(A:A; A3) > 1; ""Duplicado""; ""Único"")",Raiz > Secretarias > Direitos e Benefícios,Oculta,-,Secretaria da Pessoa com Deficiência > Secretarias > Direitos e Benefícios,,-,Página com Formulário,-,Página de Widget,-,-,-,1 Coluna
https://www.sepd.df.gov.br/w/direitos-e-beneficios-1,,Manual,6,6,"=SE(CONT.SE(A:A; A3) > 1; ""Duplicado""; ""Único"")",Raiz > Secretarias > Direitos e Benefícios,Oculta,-,Secretaria da Pessoa com Deficiência > Secretarias > Direitos e Benefícios,,-,Página com Formulário,-,Página de Widget,-,-,-,1 Coluna
https://www.sepd.df.gov.br/w/direitos-e-beneficios-2,,Manual,6,5,"=SE(CONT.SE(A:A; A3) > 1; ""Duplicado""; ""Único"")",Raiz > Secretarias > Direitos e Benefícios,Oculta,A Secretaria,Secretaria da Pessoa com Deficiência > Secretarias > Direitos e Benefícios,,-,Página com Formulário,-,Página de Widget,-,-,-,30/70
https://www.sepd.df.gov.br/w/distrito-federal-ganha-estatuto-da-pessoa-com-deficiencia,,Manual,6,4,"=SE(CONT.SE(A:A; A3) > 1; ""Duplicado""; ""Único"")",Raiz > Secretarias > Distrito Federal ganha Estatuto da Pessoa com Deficiência,Oculta,-,Secretaria da Pessoa com Deficiência > Secretarias > Distrito Federal ganha Estatuto da Pessoa com Deficiência,,-,Página com Formulário,-,Página de Widget,-,-,-,1 Coluna
https://www.sepd.df.gov.br/w/distrito-federal-garante-100-de-acessibilidade-no-transporte-publico,,Manual,6,4,"=SE(CONT.SE(A:A; A3) > 1; ""Duplicado""; ""Único"")",Raiz > Secretarias > Distrito Federal garante 100% de acessibilidade no transporte público,Oculta,-,Secretaria da Pessoa com Deficiência > Secretarias > Distrito Federal garante 100% de acessibilidade no transporte público,,-,Página com Formulário,-,Página de Widget,-,-,-,1 Coluna
https://www.sepd.df.gov.br/w/duvidas-sobre-a-vacinacao-gdf-responde,,Manual,6,4,"=SE(CONT.SE(A:A; A3) > 1; ""Duplicado""; ""Único"")",Raiz > Secretarias > Dúvidas sobre a vacinação? GDF responde,Oculta,-,Secretaria da Pessoa com Deficiência > Secretarias > Dúvidas sobre a vacinação? GDF responde,,-,Página com Formulário,-,Página de Widget,-,-,-,1 Coluna
https://www.sepd.df.gov.br/w/edicao-destaca-rota-do-turismo-acessivel-no-df,,Manual,6,4,"=SE(CONT.SE(A:A; A3) > 1; ""Duplicado""; ""Único"")",Raiz > Secretarias > Edição destaca Rota do Turismo Acessível no DF,Oculta,-,Secretaria da Pessoa com Deficiência > Secretarias > Edição destaca Rota do Turismo Acessível no DF,,-,Página com Formulário,-,Página de Widget,-,-,-,1 Coluna
https://www.sepd.df.gov.br/w/educacao-inclusiva-do-nascimento-a-vida-adulta,,Manual,7,4,"=SE(CONT.SE(A:A; A3) > 1; ""Duplicado""; ""Único"")",Raiz > Secretarias > Educação inclusiva do nascimento à vida adulta,Oculta,-,Secretaria da Pessoa com Deficiência > Secretarias > Educação inclusiva do nascimento à vida adulta,,-,Página com Formulário,-,Página de Widget,-,-,-,1 Coluna
https://www.sepd.df.gov.br/w/educacao-inclusiva-e-tema-de-audiencia-publica-na-camara-legislativa,,Manual,6,4,"=SE(CONT.SE(A:A; A3) > 1; ""Duplicado""; ""Único"")",Raiz > Secretarias > Educação inclusiva é tema de Audiência Pública na Câmara Legislativa,Oculta,-,Secretaria da Pessoa com Deficiência > Secretarias > Educação inclusiva é tema de Audiência Pública na Câmara Legislativa,,-,Página com Formulário,-,Página de Widget,-,-,-,1 Coluna
https://www.sepd.df.gov.br/w/em-dois-anos-gdf-finaliza-complexo-viario-governador-roriz,,Manual,6,4,"=SE(CONT.SE(A:A; A3) > 1; ""Duplicado""; ""Único"")","Raiz > Secretarias > Em dois anos, GDF finaliza Complexo Viário Governador Roriz",Oculta,-,"Secretaria da Pessoa com Deficiência > Secretarias > Em dois anos, GDF finaliza Complexo Viário Governador Roriz",,-,Página com Formulário,-,Página de Widget,-,-,-,1 Coluna
https://www.sepd.df.gov.br/w/cadastro-de-empregabilidade,,Manual,5,4,"=SE(CONT.SE(A:A; A3) > 1; ""Duplicado""; ""Único"")",Raiz > Secretarias > Empregabilidade,Oculta,-,Secretaria da Pessoa com Deficiência > Secretarias > Empregabilidade,,-,Página com Formulário,-,Página de Widget,-,-,-,1 Coluna
https://www.sepd.df.gov.br/w/empregabilidade,,Manual,5,4,"=SE(CONT.SE(A:A; A3) > 1; ""Duplicado""; ""Único"")",Raiz > Secretarias > Empregabilidade,Oculta,-,Secretaria da Pessoa com Deficiência > Secretarias > Empregabilidade,,-,Página com Formulário,-,Página de Widget,-,-,-,1 Coluna
https://www.sepd.df.gov.br/w/endere%C3%A7o,,Manual,5,4,"=SE(CONT.SE(A:A; A3) > 1; ""Duplicado""; ""Único"")",Raiz > Secretarias > Endereço,Oculta,-,Secretaria da Pessoa com Deficiência > Secretarias > Endereço,,-,Página com Formulário,-,Página de Widget,-,-,-,1 Coluna
https://www.sepd.df.gov.br/w/entendendo-e-praticando-da-melhor-forma-o-programa-sei-gdf,,Manual,6,4,"=SE(CONT.SE(A:A; A3) > 1; ""Duplicado""; ""Único"")",Raiz > Secretarias > Entendendo e praticando da melhor forma o programa SEI-GDF,Oculta,-,Secretaria da Pessoa com Deficiência > Secretarias > Entendendo e praticando da melhor forma o programa SEI-GDF,,-,Página com Formulário,-,Página de Widget,-,-,-,1 Coluna
https://www.sepd.df.gov.br/w/equiparado-valor-da-bolsa-atleta-de-esportistas-olimpicos-e-paralimpicos,,Manual,5,4,"=SE(CONT.SE(A:A; A3) > 1; ""Duplicado""; ""Único"")",Raiz > Secretarias > Equiparado valor da Bolsa Atleta de esportistas olímpicos e paralímpicos,Oculta,-,Secretaria da Pessoa com Deficiência > Secretarias > Equiparado valor da Bolsa Atleta de esportistas olímpicos e paralímpicos,,-,Página com Formulário,-,Página de Widget,-,-,-,1 Coluna
https://www.sepd.df.gov.br/w/equiparado-valor-da-bolsa-atleta-de-esportistas-olimpicos-e-paralimpicos-1,,Manual,6,4,"=SE(CONT.SE(A:A; A3) > 1; ""Duplicado""; ""Único"")",Raiz > Secretarias > Equiparado valor da Bolsa Atleta de esportistas olímpicos e paralímpicos,Oculta,-,Secretaria da Pessoa com Deficiência > Secretarias > Equiparado valor da Bolsa Atleta de esportistas olímpicos e paralímpicos,,-,Página com Formulário,-,Página de Widget,-,-,-,1 Coluna
https://www.sepd.df.gov.br/w/escola-de-esporte-renova-inscricoes-a-partir-de-marco,,Manual,6,4,"=SE(CONT.SE(A:A; A3) > 1; ""Duplicado""; ""Único"")",Raiz > Secretarias > Escola de Esporte renova inscrições a partir de março,Oculta,-,Secretaria da Pessoa com Deficiência > Secretarias > Escola de Esporte renova inscrições a partir de março,,-,Página com Formulário,-,Página de Widget,-,-,-,1 Coluna
https://www.sepd.df.gov.br/w/escola-de-governo-abre-inscricoes-para-cursos-presenciais-e-ead-de-libras,,Manual,6,4,"=SE(CONT.SE(A:A; A3) > 1; ""Duplicado""; ""Único"")",Raiz > Secretarias > Escola de Governo abre inscrições para cursos presenciais e EAD de Libras,Oculta,-,Secretaria da Pessoa com Deficiência > Secretarias > Escola de Governo abre inscrições para cursos presenciais e EAD de Libras,,-,Página com Formulário,-,Página de Widget,-,-,-,1 Coluna
https://www.sepd.df.gov.br/w/escola-de-governo-oferta-cursos-de-libras,,Manual,6,4,"=SE(CONT.SE(A:A; A3) > 1; ""Duplicado""; ""Único"")",Raiz > Secretarias > Escola de Governo oferta cursos de Libras,Oculta,-,Secretaria da Pessoa com Deficiência > Secretarias > Escola de Governo oferta cursos de Libras,,-,Página com Formulário,-,Página de Widget,-,-,-,1 Coluna
https://www.sepd.df.gov.br/w/escolas-tecnicas-estao-com-inscricoes-abertas,,Manual,6,4,"=SE(CONT.SE(A:A; A3) > 1; ""Duplicado""; ""Único"")",Raiz > Secretarias > Escolas técnicas estão com inscrições abertas,Oculta,-,Secretaria da Pessoa com Deficiência > Secretarias > Escolas técnicas estão com inscrições abertas,,-,Página com Formulário,-,Página de Widget,-,-,-,1 Coluna
https://www.sepd.df.gov.br/w/estacao-da-112-sul-recebe-secretarios-do-gdf,,Manual,6,4,"=SE(CONT.SE(A:A; A3) > 1; ""Duplicado""; ""Único"")",Raiz > Secretarias > Estação da 112 Sul recebe secretários do GDF,Oculta,-,Secretaria da Pessoa com Deficiência > Secretarias > Estação da 112 Sul recebe secretários do GDF,,-,Página com Formulário,-,Página de Widget,-,-,-,1 Coluna
https://www.sepd.df.gov.br/w/estoque-do-hemocentro-esta-baixo-e-precisa-de-doacoes,,Manual,6,4,"=SE(CONT.SE(A:A; A3) > 1; ""Duplicado""; ""Único"")",Raiz > Secretarias > Estoque do Hemocentro está baixo e precisa de doações,Oculta,-,Secretaria da Pessoa com Deficiência > Secretarias > Estoque do Hemocentro está baixo e precisa de doações,,-,Página com Formulário,-,Página de Widget,-,-,-,1 Coluna
https://www.sepd.df.gov.br/w/evento-celebra-dia-internacional-da-pessoa-com-deficiencia,,Manual,6,4,"=SE(CONT.SE(A:A; A3) > 1; ""Duplicado""; ""Único"")",Raiz > Secretarias > Evento celebra Dia Internacional da Pessoa com Deficiência,Oculta,-,Secretaria da Pessoa com Deficiência > Secretarias > Evento celebra Dia Internacional da Pessoa com Deficiência,,-,Página com Formulário,-,Página de Widget,-,-,-,1 Coluna
https://www.sepd.df.gov.br/w/evento-no-sudoeste-traz-a-inclusao-da-pessoa-com-deficiencia-atraves-da-danca,,Manual,6,4,"=SE(CONT.SE(A:A; A3) > 1; ""Duplicado""; ""Único"")",Raiz > Secretarias > Evento no Sudoeste traz a inclusão da pessoa com deficiência através da dança,Oculta,-,Secretaria da Pessoa com Deficiência > Secretarias > Evento no Sudoeste traz a inclusão da pessoa com deficiência através da dança,,-,Página com Formulário,-,Página de Widget,-,-,-,1 Coluna
https://www.sepd.df.gov.br/w/exames-gratuitos-e-mamografos-para-atender-deficientes,,Manual,6,4,"=SE(CONT.SE(A:A; A3) > 1; ""Duplicado""; ""Único"")",Raiz > Secretarias > Exames gratuitos e mamógrafos para atender deficientes,Oculta,-,Secretaria da Pessoa com Deficiência > Secretarias > Exames gratuitos e mamógrafos para atender deficientes,,-,Página com Formulário,-,Página de Widget,-,-,-,1 Coluna
https://www.sepd.df.gov.br/w/exposicao-vela-para-todos-leva-universo-nautico-a-pessoas-com-deficiencias,,Manual,6,4,"=SE(CONT.SE(A:A; A3) > 1; ""Duplicado""; ""Único"")",Raiz > Secretarias > Exposição Vela para Todos leva universo náutico a pessoas com deficiências,Oculta,-,Secretaria da Pessoa com Deficiência > Secretarias > Exposição Vela para Todos leva universo náutico a pessoas com deficiências,,-,Página com Formulário,-,Página de Widget,-,-,-,1 Coluna
https://www.sepd.df.gov.br/w/fap-vai-selecionar-projetos-de-inclusao-digital-e-social,,Manual,6,5,"=SE(CONT.SE(A:A; A3) > 1; ""Duplicado""; ""Único"")",Raiz > Secretarias > FAP vai selecionar projetos de inclusão digital e social,Oculta,-,Secretaria da Pessoa com Deficiência > Secretarias > FAP vai selecionar projetos de inclusão digital e social,,-,Página com Formulário,-,Página de Widget,-,-,-,1 Coluna
https://www.sepd.df.gov.br/fale-com-a-secretaria,,Manual,20,4,"=SE(CONT.SE(A:A; A3) > 1; ""Duplicado""; ""Único"")",Raiz > Secretarias > Fale Com A Secretaria,Oculta,-,Secretaria da Pessoa com Deficiência > Secretarias > Fale Com A Secretaria,,-,Página com Colapsável,-,Página de Widget,-,-,-,1 Coluna
https://www.sepd.df.gov.br/w/fale-com-a-secretaria,,Manual,5,4,"=SE(CONT.SE(A:A; A3) > 1; ""Duplicado""; ""Único"")",Raiz > Secretarias > Fale com a secretaria,Oculta,-,Secretaria da Pessoa com Deficiência > Secretarias > Fale com a secretaria,,-,Página com Formulário,-,Página de Widget,-,-,-,1 Coluna
https://www.sepd.df.gov.br/w/financiamento-do-convenio-sera-compartilhado,,Manual,6,4,"=SE(CONT.SE(A:A; A3) > 1; ""Duplicado""; ""Único"")",Raiz > Secretarias > Financiamento do convênio será compartilhado,Oculta,-,Secretaria da Pessoa com Deficiência > Secretarias > Financiamento do convênio será compartilhado,,-,Página com Formulário,-,Página de Widget,-,-,-,1 Coluna
https://www.sepd.df.gov.br/w/flickr,,Manual,5,4,"=SE(CONT.SE(A:A; A3) > 1; ""Duplicado""; ""Único"")",Raiz > Secretarias > Flickr,Oculta,-,Secretaria da Pessoa com Deficiência > Secretarias > Flickr,,-,Página com Formulário,-,Página de Widget,-,-,-,1 Coluna
https://www.sepd.df.gov.br/w/flona-de-brasilia-passa-a-ter-cadeiras-de-rodas-adaptadas-para-trilhas,,Manual,6,4,"=SE(CONT.SE(A:A; A3) > 1; ""Duplicado""; ""Único"")",Raiz > Secretarias > Flona de Brasília passa a ter cadeiras de rodas adaptadas para trilhas,Oculta,-,Secretaria da Pessoa com Deficiência > Secretarias > Flona de Brasília passa a ter cadeiras de rodas adaptadas para trilhas,,-,Página com Formulário,-,Página de Widget,-,-,-,1 Coluna
https://www.sepd.df.gov.br/w/flavio-santos-e-o-novo-secretario-da-pessoa-com-deficiencia-do-df,,Manual,6,4,"=SE(CONT.SE(A:A; A3) > 1; ""Duplicado""; ""Único"")",Raiz > Secretarias > Flávio Santos é o novo secretário da Pessoa com Deficiência do DF,Oculta,-,Secretaria da Pessoa com Deficiência > Secretarias > Flávio Santos é o novo secretário da Pessoa com Deficiência do DF,,-,Página com Formulário,-,Página de Widget,-,-,-,1 Coluna
https://www.sepd.df.gov.br/w/formados-57-servidores-do-gdf-no-curso-de-libras,,Manual,6,4,"=SE(CONT.SE(A:A; A3) > 1; ""Duplicado""; ""Único"")",Raiz > Secretarias > Formados 57 servidores do GDF no curso de Libras,Oculta,-,Secretaria da Pessoa com Deficiência > Secretarias > Formados 57 servidores do GDF no curso de Libras,,-,Página com Formulário,-,Página de Widget,-,-,-,1 Coluna
https://www.sepd.df.gov.br/w/fotos-propoem-reflexao-sobre-a-insercao-da-pessoa-com-deficiencia,,Manual,6,4,"=SE(CONT.SE(A:A; A3) > 1; ""Duplicado""; ""Único"")",Raiz > Secretarias > Fotos propõem reflexão sobre a inserção da pessoa com deficiência,Oculta,-,Secretaria da Pessoa com Deficiência > Secretarias > Fotos propõem reflexão sobre a inserção da pessoa com deficiência,,-,Página com Formulário,-,Página de Widget,-,-,-,1 Coluna
https://www.sepd.df.gov.br/w/gdf-apresenta-plano-de-vacinacao-para-pessoas-com-comorbidades,,Manual,6,4,"=SE(CONT.SE(A:A; A3) > 1; ""Duplicado""; ""Único"")",Raiz > Secretarias > GDF apresenta plano de vacinação para pessoas com comorbidades,Oculta,-,Secretaria da Pessoa com Deficiência > Secretarias > GDF apresenta plano de vacinação para pessoas com comorbidades,,-,Página com Formulário,-,Página de Widget,-,-,-,1 Coluna
https://www.sepd.df.gov.br/w/gdf-convoca-beneficiarios-do-bpc-com-deficiencia-para-receber-vacina,,Manual,6,4,"=SE(CONT.SE(A:A; A3) > 1; ""Duplicado""; ""Único"")",Raiz > Secretarias > GDF convoca beneficiários do BPC com deficiência para receber vacina,Oculta,-,Secretaria da Pessoa com Deficiência > Secretarias > GDF convoca beneficiários do BPC com deficiência para receber vacina,,-,Página com Formulário,-,Página de Widget,-,-,-,1 Coluna
https://www.sepd.df.gov.br/w/gdf-entrega-250-documentos-de-identificacao-para-pessoas-com-deficiencia,,Manual,5,5,"=SE(CONT.SE(A:A; A3) > 1; ""Duplicado""; ""Único"")",Raiz > Secretarias > GDF entrega 250 documentos de identificação para pessoas com deficiência,Oculta,-,Secretaria da Pessoa com Deficiência > Secretarias > GDF entrega 250 documentos de identificação para pessoas com deficiência,,-,Página com Formulário,-,Página de Widget,-,-,-,1 Coluna
https://www.sepd.df.gov.br/w/gdf-entrega-250-documentos-de-identificacao-para-pessoas-com-deficiencia-1,,Manual,6,5,"=SE(CONT.SE(A:A; A3) > 1; ""Duplicado""; ""Único"")",Raiz > Secretarias > GDF entrega 250 documentos de identificação para pessoas com deficiência,Oculta,-,Secretaria da Pessoa com Deficiência > Secretarias > GDF entrega 250 documentos de identificação para pessoas com deficiência,,-,Página com Formulário,-,Página de Widget,-,-,-,1 Coluna
https://www.sepd.df.gov.br/w/gdf-investe-r-35-milhoes-para-reformar-feiras,,Manual,6,4,"=SE(CONT.SE(A:A; A3) > 1; ""Duplicado""; ""Único"")",Raiz > Secretarias > GDF investe R$ 35 milhões para reformar feiras,Oculta,-,Secretaria da Pessoa com Deficiência > Secretarias > GDF investe R$ 35 milhões para reformar feiras,,-,Página com Formulário,-,Página de Widget,-,-,-,1 Coluna
https://www.sepd.df.gov.br/w/gdf-investe-na-esplanada-dos-ministerios-com-implantacao-de-rotas-acessiveis,,Manual,6,4,"=SE(CONT.SE(A:A; A3) > 1; ""Duplicado""; ""Único"")",Raiz > Secretarias > GDF investe na Esplanada dos Ministérios com implantação de rotas acessíveis,Oculta,-,Secretaria da Pessoa com Deficiência > Secretarias > GDF investe na Esplanada dos Ministérios com implantação de rotas acessíveis,,-,Página com Formulário,-,Página de Widget,-,-,-,1 Coluna
https://www.sepd.df.gov.br/w/gdf-ja-emitiu-cerca-de-4-mil-carteiras-para-pessoas-com-autismo,,Manual,6,4,"=SE(CONT.SE(A:A; A3) > 1; ""Duplicado""; ""Único"")",Raiz > Secretarias > GDF já emitiu cerca de 4 mil carteiras para pessoas com autismo,Oculta,-,Secretaria da Pessoa com Deficiência > Secretarias > GDF já emitiu cerca de 4 mil carteiras para pessoas com autismo,,-,Página com Formulário,-,Página de Widget,-,-,-,1 Coluna
https://www.sepd.df.gov.br/w/gdf-lanca-campanha-nosso-natal-2020,,Manual,6,4,"=SE(CONT.SE(A:A; A3) > 1; ""Duplicado""; ""Único"")",Raiz > Secretarias > GDF lança Campanha Nosso Natal 2020,Oculta,-,Secretaria da Pessoa com Deficiência > Secretarias > GDF lança Campanha Nosso Natal 2020,,-,Página com Formulário,-,Página de Widget,-,-,-,1 Coluna
https://www.sepd.df.gov.br/w/gdf-lanca-campanha-para-arrecadar-livros-e-brinquedos-infantis,,Manual,6,4,"=SE(CONT.SE(A:A; A3) > 1; ""Duplicado""; ""Único"")",Raiz > Secretarias > GDF lança campanha para arrecadar livros e brinquedos infantis,Oculta,-,Secretaria da Pessoa com Deficiência > Secretarias > GDF lança campanha para arrecadar livros e brinquedos infantis,,-,Página com Formulário,-,Página de Widget,-,-,-,1 Coluna
https://www.sepd.df.gov.br/w/gdf-lanca-programa-para-melhorar-acessibilidade-de-usuarios,,Manual,6,4,"=SE(CONT.SE(A:A; A3) > 1; ""Duplicado""; ""Único"")",Raiz > Secretarias > GDF lança programa para melhorar acessibilidade de usuários,Oculta,-,Secretaria da Pessoa com Deficiência > Secretarias > GDF lança programa para melhorar acessibilidade de usuários,,-,Página com Formulário,-,Página de Widget,-,-,-,1 Coluna
https://www.sepd.df.gov.br/w/gdf-promove-live-com-participantes-autistas,,Manual,6,4,"=SE(CONT.SE(A:A; A3) > 1; ""Duplicado""; ""Único"")",Raiz > Secretarias > GDF promove ‘live’ com participantes autistas,Oculta,-,Secretaria da Pessoa com Deficiência > Secretarias > GDF promove ‘live’ com participantes autistas,,-,Página com Formulário,-,Página de Widget,-,-,-,1 Coluna
https://www.sepd.df.gov.br/w/gdf-reforca-apelo-para-a-vacinacao-das-criancas-contra-a-poliomielite,,Manual,6,4,"=SE(CONT.SE(A:A; A3) > 1; ""Duplicado""; ""Único"")",Raiz > Secretarias > GDF reforça apelo para a vacinação das crianças contra a poliomielite,Oculta,-,Secretaria da Pessoa com Deficiência > Secretarias > GDF reforça apelo para a vacinação das crianças contra a poliomielite,,-,Página com Formulário,-,Página de Widget,-,-,-,1 Coluna
https://www.sepd.df.gov.br/w/gdf-regulamenta-cartao-de-identificacao-da-pessoa-com-deficiencia,,Manual,6,4,"=SE(CONT.SE(A:A; A3) > 1; ""Duplicado""; ""Único"")",Raiz > Secretarias > GDF regulamenta Cartão de Identificação da Pessoa com Deficiência,Oculta,-,Secretaria da Pessoa com Deficiência > Secretarias > GDF regulamenta Cartão de Identificação da Pessoa com Deficiência,,-,Página com Formulário,-,Página de Widget,-,-,-,1 Coluna
https://www.sepd.df.gov.br/w/gdf-vai-abrir-160-vagas-para-acolher-jovens-e-adultos-com-deficiencia,,Manual,6,4,"=SE(CONT.SE(A:A; A3) > 1; ""Duplicado""; ""Único"")",Raiz > Secretarias > GDF vai abrir 160 vagas para acolher jovens e adultos com deficiência,Oculta,-,Secretaria da Pessoa com Deficiência > Secretarias > GDF vai abrir 160 vagas para acolher jovens e adultos com deficiência,,-,Página com Formulário,-,Página de Widget,-,-,-,1 Coluna
https://www.sepd.df.gov.br/w/gerenciar-modulos-da-home,,Manual,5,4,"=SE(CONT.SE(A:A; A3) > 1; ""Duplicado""; ""Único"")",Raiz > Secretarias > Gerenciar Módulos da Home,Oculta,-,Secretaria da Pessoa com Deficiência > Secretarias > Gerenciar Módulos da Home,,-,Página com Formulário,-,Página de Widget,-,-,-,1 Coluna
https://www.sepd.df.gov.br/w/gerencia-de-ortese-e-protese,,Manual,5,4,"=SE(CONT.SE(A:A; A3) > 1; ""Duplicado""; ""Único"")",Raiz > Secretarias > Gerência de Órtese e Prótese,Oculta,-,Secretaria da Pessoa com Deficiência > Secretarias > Gerência de Órtese e Prótese,,-,Página com Formulário,-,Página de Widget,-,-,-,1 Coluna
https://www.sepd.df.gov.br/w/gerencia-de-orteses-e-proteses,,Manual,5,4,"=SE(CONT.SE(A:A; A3) > 1; ""Duplicado""; ""Único"")",Raiz > Secretarias > Gerência de Órteses e Próteses,Oculta,-,Secretaria da Pessoa com Deficiência > Secretarias > Gerência de Órteses e Próteses,,-,Página com Formulário,-,Página de Widget,-,-,-,1 Coluna
https://www.sepd.df.gov.br/w/governo-anuncia-vacinacao-para-adolescentes-de-12-e-17-anos-com-comorbidades,,Manual,6,4,"=SE(CONT.SE(A:A; A3) > 1; ""Duplicado""; ""Único"")",Raiz > Secretarias > Governo anuncia vacinação para adolescentes de 12 e 17 anos com comorbidades,Oculta,-,Secretaria da Pessoa com Deficiência > Secretarias > Governo anuncia vacinação para adolescentes de 12 e 17 anos com comorbidades,,-,Página com Formulário,-,Página de Widget,-,-,-,1 Coluna
https://www.sepd.df.gov.br/w/governo-do-distrito-federal-assina-contrato-para-compra-de-vans-adaptadas-para-pessoas-com-deficiencia,,Manual,6,4,"=SE(CONT.SE(A:A; A3) > 1; ""Duplicado""; ""Único"")",Raiz > Secretarias > Governo do Distrito Federal assina contrato para compra de vans adaptadas para pessoas com deficiência,Oculta,-,Secretaria da Pessoa com Deficiência > Secretarias > Governo do Distrito Federal assina contrato para compra de vans adaptadas para pessoas com deficiência,,-,Página com Formulário,-,Página de Widget,-,-,-,1 Coluna
https://www.sepd.df.gov.br/w/governo-inicia-vacinacao-de-pessoas-com-comorbidades-nesta-terca-feira-4,,Manual,6,4,"=SE(CONT.SE(A:A; A3) > 1; ""Duplicado""; ""Único"")",Raiz > Secretarias > Governo inicia vacinação de pessoas com comorbidades nesta terça-feira (4),Oculta,-,Secretaria da Pessoa com Deficiência > Secretarias > Governo inicia vacinação de pessoas com comorbidades nesta terça-feira (4),,-,Página com Formulário,-,Página de Widget,-,-,-,1 Coluna
https://www.sepd.df.gov.br/w/governo-investe-em-mais-acessibilidade-para-ajudar-pessoas-com-deficiencia,,Manual,6,4,"=SE(CONT.SE(A:A; A3) > 1; ""Duplicado""; ""Único"")",Raiz > Secretarias > Governo investe em mais acessibilidade para ajudar pessoas com deficiência,Oculta,-,Secretaria da Pessoa com Deficiência > Secretarias > Governo investe em mais acessibilidade para ajudar pessoas com deficiência,,-,Página com Formulário,-,Página de Widget,-,-,-,1 Coluna
https://www.sepd.df.gov.br/w/hrsm-e-referencia-para-atendimento-odontologico-de-pessoas-com-deficiencia,,Manual,6,4,"=SE(CONT.SE(A:A; A3) > 1; ""Duplicado""; ""Único"")",Raiz > Secretarias > HRSM é referência para atendimento odontológico de pessoas com deficiência,Oculta,-,Secretaria da Pessoa com Deficiência > Secretarias > HRSM é referência para atendimento odontológico de pessoas com deficiência,,-,Página com Formulário,-,Página de Widget,-,-,-,1 Coluna
https://www.sepd.df.gov.br/w/hemocentro-precisa-de-sua-ajuda-para-aumentar-os-estoques,,Manual,6,4,"=SE(CONT.SE(A:A; A3) > 1; ""Duplicado""; ""Único"")",Raiz > Secretarias > Hemocentro precisa de sua ajuda para aumentar os estoques,Oculta,-,Secretaria da Pessoa com Deficiência > Secretarias > Hemocentro precisa de sua ajuda para aumentar os estoques,,-,Página com Formulário,-,Página de Widget,-,-,-,1 Coluna
https://www.sepd.df.gov.br/w/hemocentro-reforca-importancia-da-doacao-de-sangue,,Manual,6,4,"=SE(CONT.SE(A:A; A3) > 1; ""Duplicado""; ""Único"")",Raiz > Secretarias > Hemocentro reforça importância da doação de sangue,Oculta,-,Secretaria da Pessoa com Deficiência > Secretarias > Hemocentro reforça importância da doação de sangue,,-,Página com Formulário,-,Página de Widget,-,-,-,1 Coluna
https://www.sepd.df.gov.br/w/hist%C3%B3rico,,Manual,5,4,"=SE(CONT.SE(A:A; A3) > 1; ""Duplicado""; ""Único"")",Raiz > Secretarias > Histórico,Oculta,-,Secretaria da Pessoa com Deficiência > Secretarias > Histórico,,-,Página com Formulário,-,Página de Widget,-,-,-,1 Coluna
https://www.sepd.df.gov.br/w/historico,,Manual,5,4,"=SE(CONT.SE(A:A; A3) > 1; ""Duplicado""; ""Único"")",Raiz > Secretarias > Histórico,Oculta,-,Secretaria da Pessoa com Deficiência > Secretarias > Histórico,,-,Página com Formulário,-,Página de Widget,-,-,-,1 Coluna
https://www.sepd.df.gov.br/w/hran-e-referencia-em-atendimento-a-pessoas-com-sindrome-de-down,,Manual,6,4,"=SE(CONT.SE(A:A; A3) > 1; ""Duplicado""; ""Único"")",Raiz > Secretarias > Hran é referência em atendimento a pessoas com síndrome de Down,Oculta,-,Secretaria da Pessoa com Deficiência > Secretarias > Hran é referência em atendimento a pessoas com síndrome de Down,,-,Página com Formulário,-,Página de Widget,-,-,-,1 Coluna
https://www.sepd.df.gov.br/w/imprima-aqui-a-carta-de-servicos,,Manual,5,8,"=SE(CONT.SE(A:A; A3) > 1; ""Duplicado""; ""Único"")",Raiz > Secretarias > Imprima aqui a Carta de Serviços,Oculta,-,Secretaria da Pessoa com Deficiência > Secretarias > Imprima aqui a Carta de Serviços,,-,Página com Formulário,-,Página de Widget,-,-,-,1 Coluna
https://www.sepd.df.gov.br/w/incentivado-por-programas-do-gdf-elcio-pode-chegar-as-paralimpiadas,,Manual,6,4,"=SE(CONT.SE(A:A; A3) > 1; ""Duplicado""; ""Único"")","Raiz > Secretarias > Incentivado por programas do GDF, Élcio pode chegar às Paralimpíadas",Oculta,-,"Secretaria da Pessoa com Deficiência > Secretarias > Incentivado por programas do GDF, Élcio pode chegar às Paralimpíadas",,-,Página com Formulário,-,Página de Widget,-,-,-,1 Coluna
https://www.sepd.df.gov.br/w/informacoes-classificadas,,Manual,5,5,"=SE(CONT.SE(A:A; A3) > 1; ""Duplicado""; ""Único"")",Raiz > Secretarias > Informações Classificadas,Oculta,-,Secretaria da Pessoa com Deficiência > Secretarias > Informações Classificadas,,-,Página com Formulário,-,Página de Widget,-,-,-,1 Coluna
https://www.sepd.df.gov.br/w/informacoes-classificadas-1,,Manual,6,5,"=SE(CONT.SE(A:A; A3) > 1; ""Duplicado""; ""Único"")",Raiz > Secretarias > Informações Classificadas,Oculta,-,Secretaria da Pessoa com Deficiência > Secretarias > Informações Classificadas,,-,Página com Formulário,-,Página de Widget,-,-,-,1 Coluna
https://www.sepd.df.gov.br/w/iniciar-cadastro-da-pessoa-com-deficiencia,,Manual,5,4,"=SE(CONT.SE(A:A; A3) > 1; ""Duplicado""; ""Único"")",Raiz > Secretarias > Iniciar Cadastro da Pessoa com Deficiência,Oculta,-,Secretaria da Pessoa com Deficiência > Secretarias > Iniciar Cadastro da Pessoa com Deficiência,,-,Página com Formulário,-,Página de Widget,-,-,-,1 Coluna
https://www.sepd.df.gov.br/w/inscritos-no-crianca-feliz-brasiliense-tem-vagas-reservadas-nos-cops,,Manual,6,4,"=SE(CONT.SE(A:A; A3) > 1; ""Duplicado""; ""Único"")",Raiz > Secretarias > Inscritos no Criança Feliz Brasiliense têm vagas reservadas nos COPs,Oculta,-,Secretaria da Pessoa com Deficiência > Secretarias > Inscritos no Criança Feliz Brasiliense têm vagas reservadas nos COPs,,-,Página com Formulário,-,Página de Widget,-,-,-,1 Coluna
https://www.sepd.df.gov.br/w/inscricoes-no-gdf-saude-comecam-na-proxima-terca-3,,Manual,6,4,"=SE(CONT.SE(A:A; A3) > 1; ""Duplicado""; ""Único"")",Raiz > Secretarias > Inscrições no GDF Saúde começam na próxima terça (3),Oculta,-,Secretaria da Pessoa com Deficiência > Secretarias > Inscrições no GDF Saúde começam na próxima terça (3),,-,Página com Formulário,-,Página de Widget,-,-,-,1 Coluna
https://www.sepd.df.gov.br/w/institucional,,Manual,5,4,"=SE(CONT.SE(A:A; A3) > 1; ""Duplicado""; ""Único"")",Raiz > Secretarias > Institucional,Oculta,-,Secretaria da Pessoa com Deficiência > Secretarias > Institucional,,-,Página com Formulário,-,Página de Widget,-,-,-,1 Coluna
https://www.sepd.df.gov.br/w/institucional-1,,Manual,5,4,"=SE(CONT.SE(A:A; A3) > 1; ""Duplicado""; ""Único"")",Raiz > Secretarias > Institucional,Oculta,-,Secretaria da Pessoa com Deficiência > Secretarias > Institucional,,-,Página com Formulário,-,Página de Widget,-,-,-,1 Coluna
https://www.sepd.df.gov.br/w/institucional-2,,Manual,16,12,"=SE(CONT.SE(A:A; A3) > 1; ""Duplicado""; ""Único"")",Raiz > Secretarias > Institucional,Oculta,-,Secretaria da Pessoa com Deficiência > Secretarias > Institucional,,-,Página com Colapsável,-,Página de Widget,-,-,-,1 Coluna
https://www.sepd.df.gov.br/w/instituicoes-de-pessoas-com-deficiencia-tem-voz-e-vez-na-sepd,,Manual,6,4,"=SE(CONT.SE(A:A; A3) > 1; ""Duplicado""; ""Único"")",Raiz > Secretarias > Instituições de pessoas com deficiência têm voz e vez na SEPD,Oculta,-,Secretaria da Pessoa com Deficiência > Secretarias > Instituições de pessoas com deficiência têm voz e vez na SEPD,,-,Página com Formulário,-,Página de Widget,-,-,-,1 Coluna
https://www.sepd.df.gov.br/w/instituido-no-df-cartao-de-identificacao-de-pcd,,Manual,5,4,"=SE(CONT.SE(A:A; A3) > 1; ""Duplicado""; ""Único"")",Raiz > Secretarias > Instituído no DF Cartão de Identificação de PcD,Oculta,-,Secretaria da Pessoa com Deficiência > Secretarias > Instituído no DF Cartão de Identificação de PcD,,-,Página com Formulário,-,Página de Widget,-,-,-,1 Coluna
https://www.sepd.df.gov.br/w/instituido-no-df-cartao-de-identificacao-de-pcd-1,,Manual,6,4,"=SE(CONT.SE(A:A; A3) > 1; ""Duplicado""; ""Único"")",Raiz > Secretarias > Instituído no DF Cartão de Identificação de PcD,Oculta,-,Secretaria da Pessoa com Deficiência > Secretarias > Instituído no DF Cartão de Identificação de PcD,,-,Página com Formulário,-,Página de Widget,-,-,-,1 Coluna
https://www.sepd.df.gov.br/w/ipes-colorem-o-df-na-seca-a-caminho-da-primavera,,Manual,6,4,"=SE(CONT.SE(A:A; A3) > 1; ""Duplicado""; ""Único"")","Raiz > Secretarias > Ipês colorem o DF na seca, a caminho da primavera",Oculta,-,"Secretaria da Pessoa com Deficiência > Secretarias > Ipês colorem o DF na seca, a caminho da primavera",,-,Página com Formulário,-,Página de Widget,-,-,-,1 Coluna
https://www.sepd.df.gov.br/w/isencao-de-ipva-para-pessoas-com-deficiencia,,Manual,6,4,"=SE(CONT.SE(A:A; A3) > 1; ""Duplicado""; ""Único"")",Raiz > Secretarias > Isenção de IPVA para pessoas com deficiência,Oculta,-,Secretaria da Pessoa com Deficiência > Secretarias > Isenção de IPVA para pessoas com deficiência,,-,Página com Formulário,-,Página de Widget,-,-,-,1 Coluna
https://www.sepd.df.gov.br/w/janeiro-branco-e-a-importancia-de-debater-a-saude-mental,,Manual,6,4,"=SE(CONT.SE(A:A; A3) > 1; ""Duplicado""; ""Único"")",Raiz > Secretarias > Janeiro Branco e a importância de debater a saúde mental,Oculta,-,Secretaria da Pessoa com Deficiência > Secretarias > Janeiro Branco e a importância de debater a saúde mental,,-,Página com Formulário,-,Página de Widget,-,-,-,1 Coluna
https://www.sepd.df.gov.br/w/jogos-paradesportivos-de-brasilia-entram-para-o-calendario-de-eventos-da-secretaria-de-esporte-e-lazer,,Manual,6,4,"=SE(CONT.SE(A:A; A3) > 1; ""Duplicado""; ""Único"")",Raiz > Secretarias > Jogos Paradesportivos de Brasília entram para o calendário de eventos da Secretaria de Esporte e Lazer,Oculta,-,Secretaria da Pessoa com Deficiência > Secretarias > Jogos Paradesportivos de Brasília entram para o calendário de eventos da Secretaria de Esporte e Lazer,,-,Página com Formulário,-,Página de Widget,-,-,-,1 Coluna
https://www.sepd.df.gov.br/w/jovem-com-deficiencia-visual-aprovada-em-1-lugar-em-direito-na-ufpi-e-exemplo-de-superacao,,Manual,6,4,"=SE(CONT.SE(A:A; A3) > 1; ""Duplicado""; ""Único"")",Raiz > Secretarias > Jovem com deficiência visual aprovada em 1º lugar em direito na UFPI é exemplo de superação,Oculta,-,Secretaria da Pessoa com Deficiência > Secretarias > Jovem com deficiência visual aprovada em 1º lugar em direito na UFPI é exemplo de superação,,-,Página com Formulário,-,Página de Widget,-,-,-,1 Coluna
https://www.sepd.df.gov.br/w/justica-condena-predio-a-indenizar-moradora-por-falta-de-acessibilidade,,Manual,6,4,"=SE(CONT.SE(A:A; A3) > 1; ""Duplicado""; ""Único"")",Raiz > Secretarias > Justiça condena prédio a indenizar moradora por falta de acessibilidade,Oculta,-,Secretaria da Pessoa com Deficiência > Secretarias > Justiça condena prédio a indenizar moradora por falta de acessibilidade,,-,Página com Formulário,-,Página de Widget,-,-,-,1 Coluna
https://www.sepd.df.gov.br/w/laboratorio-para-capacitar-pessoas-com-deficiencia,,Manual,6,4,"=SE(CONT.SE(A:A; A3) > 1; ""Duplicado""; ""Único"")",Raiz > Secretarias > Laboratório para capacitar pessoas com deficiência,Oculta,-,Secretaria da Pessoa com Deficiência > Secretarias > Laboratório para capacitar pessoas com deficiência,,-,Página com Formulário,-,Página de Widget,-,-,-,1 Coluna
https://www.sepd.df.gov.br/w/lancada-a-edicao-2021-da-campanha-vem-brincar-comigo,,Manual,6,5,"=SE(CONT.SE(A:A; A3) > 1; ""Duplicado""; ""Único"")",Raiz > Secretarias > Lançada a edição 2021 da campanha Vem Brincar Comigo,Oculta,-,Secretaria da Pessoa com Deficiência > Secretarias > Lançada a edição 2021 da campanha Vem Brincar Comigo,,-,Página com Formulário,-,Página de Widget,-,-,-,1 Coluna
https://www.sepd.df.gov.br/w/lancados-guias-para-pessoas-idosas-com-demencia-e-pessoas-com-tea,,Manual,6,4,"=SE(CONT.SE(A:A; A3) > 1; ""Duplicado""; ""Único"")",Raiz > Secretarias > Lançados guias para pessoas idosas com demência e pessoas com TEA,Oculta,-,Secretaria da Pessoa com Deficiência > Secretarias > Lançados guias para pessoas idosas com demência e pessoas com TEA,,-,Página com Formulário,-,Página de Widget,-,-,-,1 Coluna
https://www.sepd.df.gov.br/legislacao,,Manual,6,4,"=SE(CONT.SE(A:A; A3) > 1; ""Duplicado""; ""Único"")",Raiz > Secretarias > Legislação,Oculta,-,Secretaria da Pessoa com Deficiência > Secretarias > Legislação,,-,Página com Formulário,-,Página de Widget,-,-,-,1 Coluna
https://www.sepd.df.gov.br/legislacao-1,,Manual,6,4,"=SE(CONT.SE(A:A; A3) > 1; ""Duplicado""; ""Único"")",Raiz > Secretarias > Legislação,Oculta,-,Secretaria da Pessoa com Deficiência > Secretarias > Legislação,,-,Página com Formulário,-,Página de Widget,-,-,-,1 Coluna
https://www.sepd.df.gov.br/pt/legislacao-1,,Manual,6,4,"=SE(CONT.SE(A:A; A3) > 1; ""Duplicado""; ""Único"")",Raiz > Secretarias > Legislação,Oculta,-,Secretaria da Pessoa com Deficiência > Secretarias > Legislação,,-,Página com Formulário,-,Página de Widget,-,-,-,1 Coluna
https://www.sepd.df.gov.br/w/legislacao,,Manual,5,4,"=SE(CONT.SE(A:A; A3) > 1; ""Duplicado""; ""Único"")",Raiz > Secretarias > Legislação,Oculta,-,Secretaria da Pessoa com Deficiência > Secretarias > Legislação,,-,Página com Formulário,-,Página de Widget,-,-,-,1 Coluna
https://www.sepd.df.gov.br/w/legislacao-1,,Manual,5,4,"=SE(CONT.SE(A:A; A3) > 1; ""Duplicado""; ""Único"")",Raiz > Secretarias > Legislação,Oculta,-,Secretaria da Pessoa com Deficiência > Secretarias > Legislação,,-,Página com Formulário,-,Página de Widget,-,-,-,1 Coluna
https://www.sepd.df.gov.br/w/legislacao-distrital,,Manual,5,4,"=SE(CONT.SE(A:A; A3) > 1; ""Duplicado""; ""Único"")",Raiz > Secretarias > Legislação Distrital,Oculta,-,Secretaria da Pessoa com Deficiência > Secretarias > Legislação Distrital,,-,Página com Formulário,-,Página de Widget,-,-,-,1 Coluna
https://www.sepd.df.gov.br/w/legislacao-federal,,Manual,5,4,"=SE(CONT.SE(A:A; A3) > 1; ""Duplicado""; ""Único"")",Raiz > Secretarias > Legislação Federal,Oculta,-,Secretaria da Pessoa com Deficiência > Secretarias > Legislação Federal,,-,Página com Formulário,-,Página de Widget,-,-,-,1 Coluna
https://www.sepd.df.gov.br/w/lei-brasileira-de-inclusao-completa-6-anos,,Manual,6,4,"=SE(CONT.SE(A:A; A3) > 1; ""Duplicado""; ""Único"")",Raiz > Secretarias > Lei Brasileira de Inclusão completa 6 anos,Oculta,-,Secretaria da Pessoa com Deficiência > Secretarias > Lei Brasileira de Inclusão completa 6 anos,,-,Página com Formulário,-,Página de Widget,-,-,-,1 Coluna
https://www.sepd.df.gov.br/w/acesso-a-informacao,,Manual,5,4,"=SE(CONT.SE(A:A; A3) > 1; ""Duplicado""; ""Único"")",Raiz > Secretarias > Lei de Acesso à Informação,Oculta,-,Secretaria da Pessoa com Deficiência > Secretarias > Lei de Acesso à Informação,,-,Página com Formulário,-,Página de Widget,-,-,-,1 Coluna
https://www.sepd.df.gov.br/w/lei-de-cotas-completa-29-anos,,Manual,6,4,"=SE(CONT.SE(A:A; A3) > 1; ""Duplicado""; ""Único"")",Raiz > Secretarias > Lei de Cotas completa 29 anos,Oculta,-,Secretaria da Pessoa com Deficiência > Secretarias > Lei de Cotas completa 29 anos,,-,Página com Formulário,-,Página de Widget,-,-,-,1 Coluna
https://www.sepd.df.gov.br/w/lei-de-criacao,,Manual,5,4,"=SE(CONT.SE(A:A; A3) > 1; ""Duplicado""; ""Único"")",Raiz > Secretarias > Lei de Criação,Oculta,-,Secretaria da Pessoa com Deficiência > Secretarias > Lei de Criação,,-,Página com Formulário,-,Página de Widget,-,-,-,1 Coluna
https://www.sepd.df.gov.br/w/lei-define-cores-de-bengala-para-identificar-niveis-de-deficiencia-visual,,Manual,6,5,"=SE(CONT.SE(A:A; A3) > 1; ""Duplicado""; ""Único"")",Raiz > Secretarias > Lei define cores de bengala para identificar níveis de deficiência visual,Oculta,-,Secretaria da Pessoa com Deficiência > Secretarias > Lei define cores de bengala para identificar níveis de deficiência visual,,-,Página com Formulário,-,Página de Widget,-,-,-,1 Coluna
https://www.sepd.df.gov.br/w/lei-garante-validade-indeterminada-de-laudos-para-deficiencia-permanente,,Manual,6,5,"=SE(CONT.SE(A:A; A3) > 1; ""Duplicado""; ""Único"")",Raiz > Secretarias > Lei garante validade indeterminada de laudos para deficiência permanente,Oculta,-,Secretaria da Pessoa com Deficiência > Secretarias > Lei garante validade indeterminada de laudos para deficiência permanente,,-,Página com Formulário,-,Página de Widget,-,-,-,1 Coluna
https://www.sepd.df.gov.br/w/licitacoes,,Manual,5,4,"=SE(CONT.SE(A:A; A3) > 1; ""Duplicado""; ""Único"")",Raiz > Secretarias > Licitações,Oculta,-,Secretaria da Pessoa com Deficiência > Secretarias > Licitações,,-,Página com Formulário,-,Página de Widget,-,-,-,1 Coluna
https://www.sepd.df.gov.br/w/mais-12-mil-cadeiras-de-rodas-para-atender-pessoas-com-deficiencia,,Manual,6,4,"=SE(CONT.SE(A:A; A3) > 1; ""Duplicado""; ""Único"")","Raiz > Secretarias > Mais 1,2 mil cadeiras de rodas para atender pessoas com deficiência",Oculta,-,"Secretaria da Pessoa com Deficiência > Secretarias > Mais 1,2 mil cadeiras de rodas para atender pessoas com deficiência",,-,Página com Formulário,-,Página de Widget,-,-,-,1 Coluna
https://www.sepd.df.gov.br/w/mais-15-mil-vagas-para-pessoas-com-comorbidades,,Manual,6,4,"=SE(CONT.SE(A:A; A3) > 1; ""Duplicado""; ""Único"")",Raiz > Secretarias > Mais 15 mil vagas para pessoas com comorbidades,Oculta,-,Secretaria da Pessoa com Deficiência > Secretarias > Mais 15 mil vagas para pessoas com comorbidades,,-,Página com Formulário,-,Página de Widget,-,-,-,1 Coluna
https://www.sepd.df.gov.br/w/mais-370-cadeiras-de-roda-e-de-banho-sao-distribuidas,,Manual,6,4,"=SE(CONT.SE(A:A; A3) > 1; ""Duplicado""; ""Único"")",Raiz > Secretarias > Mais 370 cadeiras de roda e de banho são distribuídas,Oculta,-,Secretaria da Pessoa com Deficiência > Secretarias > Mais 370 cadeiras de roda e de banho são distribuídas,,-,Página com Formulário,-,Página de Widget,-,-,-,1 Coluna
https://www.sepd.df.gov.br/w/mais-5-mil-vagas-para-agendar-a-vacinacao-de-adolescentes-pcd,,Manual,6,4,"=SE(CONT.SE(A:A; A3) > 1; ""Duplicado""; ""Único"")",Raiz > Secretarias > Mais 5 mil vagas para agendar a vacinação de adolescentes PCD,Oculta,-,Secretaria da Pessoa com Deficiência > Secretarias > Mais 5 mil vagas para agendar a vacinação de adolescentes PCD,,-,Página com Formulário,-,Página de Widget,-,-,-,1 Coluna
https://www.sepd.df.gov.br/w/mais-acessibilidade-nos-centros-olimpicos-e-paraolimpicos,,Manual,7,4,"=SE(CONT.SE(A:A; A3) > 1; ""Duplicado""; ""Único"")",Raiz > Secretarias > Mais acessibilidade nos Centros Olímpicos e Paraolímpicos,Oculta,-,Secretaria da Pessoa com Deficiência > Secretarias > Mais acessibilidade nos Centros Olímpicos e Paraolímpicos,,-,Página com Formulário,-,Página de Widget,-,-,-,1 Coluna
https://www.sepd.df.gov.br/w/mais-de-100-cadeiras-de-rodas-entregues-a-pessoas-com-deficiencia,,Manual,6,4,"=SE(CONT.SE(A:A; A3) > 1; ""Duplicado""; ""Único"")",Raiz > Secretarias > Mais de 100 cadeiras de rodas entregues a pessoas com deficiência,Oculta,-,Secretaria da Pessoa com Deficiência > Secretarias > Mais de 100 cadeiras de rodas entregues a pessoas com deficiência,,-,Página com Formulário,-,Página de Widget,-,-,-,1 Coluna
https://www.sepd.df.gov.br/w/mais-de-100-mil-pessoas-com-comorbidades-agendaram-a-vacinacao,,Manual,6,4,"=SE(CONT.SE(A:A; A3) > 1; ""Duplicado""; ""Único"")",Raiz > Secretarias > Mais de 100 mil pessoas com comorbidades agendaram a vacinação,Oculta,-,Secretaria da Pessoa com Deficiência > Secretarias > Mais de 100 mil pessoas com comorbidades agendaram a vacinação,,-,Página com Formulário,-,Página de Widget,-,-,-,1 Coluna
https://www.sepd.df.gov.br/w/mais-de-21-mil-pacientes-acamados-vacinados,,Manual,6,4,"=SE(CONT.SE(A:A; A3) > 1; ""Duplicado""; ""Único"")","Raiz > Secretarias > Mais de 2,1 mil pacientes acamados vacinados",Oculta,-,"Secretaria da Pessoa com Deficiência > Secretarias > Mais de 2,1 mil pacientes acamados vacinados",,-,Página com Formulário,-,Página de Widget,-,-,-,1 Coluna
https://www.sepd.df.gov.br/w/mais-de-3-mil-vagas-de-trabalho-para-pessoas-com-deficiencia,,Manual,6,4,"=SE(CONT.SE(A:A; A3) > 1; ""Duplicado""; ""Único"")",Raiz > Secretarias > Mais de 3 mil vagas de trabalho para pessoas com deficiência,Oculta,-,Secretaria da Pessoa com Deficiência > Secretarias > Mais de 3 mil vagas de trabalho para pessoas com deficiência,,-,Página com Formulário,-,Página de Widget,-,-,-,1 Coluna
https://www.sepd.df.gov.br/w/mais-empregos-para-pessoas-com-deficiencia-no-df,,Manual,6,4,"=SE(CONT.SE(A:A; A3) > 1; ""Duplicado""; ""Único"")",Raiz > Secretarias > Mais empregos para pessoas com deficiência no DF,Oculta,-,Secretaria da Pessoa com Deficiência > Secretarias > Mais empregos para pessoas com deficiência no DF,,-,Página com Formulário,-,Página de Widget,-,-,-,1 Coluna
https://www.sepd.df.gov.br/w/mais-mobilidade-para-pessoas-com-deficiencia,,Manual,6,4,"=SE(CONT.SE(A:A; A3) > 1; ""Duplicado""; ""Único"")",Raiz > Secretarias > Mais mobilidade para pessoas com deficiência,Oculta,-,Secretaria da Pessoa com Deficiência > Secretarias > Mais mobilidade para pessoas com deficiência,,-,Página com Formulário,-,Página de Widget,-,-,-,1 Coluna
https://www.sepd.df.gov.br/w/manual-da-empregabilidade,,Manual,5,4,"=SE(CONT.SE(A:A; A3) > 1; ""Duplicado""; ""Único"")",Raiz > Secretarias > Manual da Empregabilidade,Oculta,-,Secretaria da Pessoa com Deficiência > Secretarias > Manual da Empregabilidade,,-,Página com Formulário,-,Página de Widget,-,-,-,1 Coluna
https://www.sepd.df.gov.br/w/menu-sec,,Manual,5,4,"=SE(CONT.SE(A:A; A3) > 1; ""Duplicado""; ""Único"")",Raiz > Secretarias > Menu SEC,Oculta,-,Secretaria da Pessoa com Deficiência > Secretarias > Menu SEC,,-,Página com Formulário,-,Página de Widget,-,-,-,1 Coluna
https://www.sepd.df.gov.br/menu-sec,,Manual,6,4,"=SE(CONT.SE(A:A; A3) > 1; ""Duplicado""; ""Único"")",Raiz > Secretarias > Menu Sec,Oculta,-,Secretaria da Pessoa com Deficiência > Secretarias > Menu Sec,,-,Página com Formulário,-,Página de Widget,-,-,-,1 Coluna
https://www.sepd.df.gov.br/w/mercado-oferece-vagas-para-pessoas-com-deficiencia,,Manual,6,5,"=SE(CONT.SE(A:A; A3) > 1; ""Duplicado""; ""Único"")",Raiz > Secretarias > Mercado oferece vagas para pessoas com deficiência,Oculta,-,Secretaria da Pessoa com Deficiência > Secretarias > Mercado oferece vagas para pessoas com deficiência,,-,Página com Formulário,-,Página de Widget,-,-,-,1 Coluna
https://www.sepd.df.gov.br/w/missao-visao-valores-competencia,,Manual,5,4,"=SE(CONT.SE(A:A; A3) > 1; ""Duplicado""; ""Único"")",Raiz > Secretarias > Missão / Visão / Valores / Competência,Oculta,-,Secretaria da Pessoa com Deficiência > Secretarias > Missão / Visão / Valores / Competência,,-,Página com Formulário,-,Página de Widget,-,-,-,1 Coluna
https://www.sepd.df.gov.br/w/missao-visao-e-valores,,Manual,5,4,"=SE(CONT.SE(A:A; A3) > 1; ""Duplicado""; ""Único"")","Raiz > Secretarias > Missão, visão e valores",Oculta,-,"Secretaria da Pessoa com Deficiência > Secretarias > Missão, visão e valores",,-,Página com Formulário,-,Página de Widget,-,-,-,1 Coluna
https://www.sepd.df.gov.br/w/moradia-digna-para-cerca-de-300-pessoas-com-deficiencia,,Manual,6,4,"=SE(CONT.SE(A:A; A3) > 1; ""Duplicado""; ""Único"")",Raiz > Secretarias > Moradia digna para cerca de 300 pessoas com deficiência,Oculta,-,Secretaria da Pessoa com Deficiência > Secretarias > Moradia digna para cerca de 300 pessoas com deficiência,,-,Página com Formulário,-,Página de Widget,-,-,-,1 Coluna
https://www.sepd.df.gov.br/w/negar-gratuidade-a-acompanhante-de-passageiro-com-deficiencia-gera-dever-de-indenizar,,Manual,6,4,"=SE(CONT.SE(A:A; A3) > 1; ""Duplicado""; ""Único"")",Raiz > Secretarias > Negar gratuidade a acompanhante de passageiro com deficiência gera dever de indenizar,Oculta,-,Secretaria da Pessoa com Deficiência > Secretarias > Negar gratuidade a acompanhante de passageiro com deficiência gera dever de indenizar,,-,Página com Formulário,-,Página de Widget,-,-,-,1 Coluna
https://www.sepd.df.gov.br/w/noticias-coddede,,Manual,5,4,"=SE(CONT.SE(A:A; A3) > 1; ""Duplicado""; ""Único"")",Raiz > Secretarias > Notícias Coddede,Oculta,-,Secretaria da Pessoa com Deficiência > Secretarias > Notícias Coddede,,-,Página com Formulário,-,Página de Widget,-,-,-,1 Coluna
https://www.sepd.df.gov.br/w/nova-ferramenta-garante-atendimento-virtual-em-libras-em-tempo-integral,,Manual,5,4,"=SE(CONT.SE(A:A; A3) > 1; ""Duplicado""; ""Único"")",Raiz > Secretarias > Nova ferramenta garante atendimento virtual em Libras em tempo integral,Oculta,-,Secretaria da Pessoa com Deficiência > Secretarias > Nova ferramenta garante atendimento virtual em Libras em tempo integral,,-,Página com Formulário,-,Página de Widget,-,-,-,1 Coluna
https://www.sepd.df.gov.br/w/nova-ferramenta-garante-atendimento-virtual-em-libras-em-tempo-integral-1,,Manual,6,4,"=SE(CONT.SE(A:A; A3) > 1; ""Duplicado""; ""Único"")",Raiz > Secretarias > Nova ferramenta garante atendimento virtual em Libras em tempo integral,Oculta,-,Secretaria da Pessoa com Deficiência > Secretarias > Nova ferramenta garante atendimento virtual em Libras em tempo integral,,-,Página com Formulário,-,Página de Widget,-,-,-,1 Coluna
https://www.sepd.df.gov.br/w/novas-acoes-para-salvar-vidas-da-covid-19,,Manual,6,4,"=SE(CONT.SE(A:A; A3) > 1; ""Duplicado""; ""Único"")",Raiz > Secretarias > Novas ações para salvar vidas da covid-19,Oculta,-,Secretaria da Pessoa com Deficiência > Secretarias > Novas ações para salvar vidas da covid-19,,-,Página com Formulário,-,Página de Widget,-,-,-,1 Coluna
https://www.sepd.df.gov.br/w/novo-decreto-define-medidas-de-lockdown-confira-as-restricoes,,Manual,6,4,"=SE(CONT.SE(A:A; A3) > 1; ""Duplicado""; ""Único"")",Raiz > Secretarias > Novo decreto define medidas de lockdown; confira as restrições,Oculta,-,Secretaria da Pessoa com Deficiência > Secretarias > Novo decreto define medidas de lockdown; confira as restrições,,-,Página com Formulário,-,Página de Widget,-,-,-,1 Coluna
https://www.sepd.df.gov.br/w/novo-documento-para-pessoas-com-deficiencia,,Manual,6,4,"=SE(CONT.SE(A:A; A3) > 1; ""Duplicado""; ""Único"")",Raiz > Secretarias > Novo documento para pessoas com deficiência,Oculta,-,Secretaria da Pessoa com Deficiência > Secretarias > Novo documento para pessoas com deficiência,,-,Página com Formulário,-,Página de Widget,-,-,-,1 Coluna
https://www.sepd.df.gov.br/w/novo-grupo-de-comorbidades-pode-agendar-vacinacao,,Manual,6,4,"=SE(CONT.SE(A:A; A3) > 1; ""Duplicado""; ""Único"")",Raiz > Secretarias > Novo grupo de comorbidades pode agendar vacinação,Oculta,-,Secretaria da Pessoa com Deficiência > Secretarias > Novo grupo de comorbidades pode agendar vacinação,,-,Página com Formulário,-,Página de Widget,-,-,-,1 Coluna
https://www.sepd.df.gov.br/w/novo-site-do-programa-voluntariado-traduz-conteudos-digitais-para-a-lingua-brasileira-de-sinais,,Manual,6,4,"=SE(CONT.SE(A:A; A3) > 1; ""Duplicado""; ""Único"")",Raiz > Secretarias > Novo site do programa Voluntariado traduz conteúdos digitais para a Língua Brasileira de Sinais,Oculta,-,Secretaria da Pessoa com Deficiência > Secretarias > Novo site do programa Voluntariado traduz conteúdos digitais para a Língua Brasileira de Sinais,,-,Página com Formulário,-,Página de Widget,-,-,-,1 Coluna
https://www.sepd.df.gov.br/w/novos-membros-do-conselho-de-defesa-dos-direitos-da-pessoa-com-deficiencia-tomam-posse,,Manual,5,4,"=SE(CONT.SE(A:A; A3) > 1; ""Duplicado""; ""Único"")",Raiz > Secretarias > Novos membros do Conselho de Defesa dos Direitos da Pessoa com Deficiência tomam posse,Oculta,-,Secretaria da Pessoa com Deficiência > Secretarias > Novos membros do Conselho de Defesa dos Direitos da Pessoa com Deficiência tomam posse,,-,Página com Formulário,-,Página de Widget,-,-,-,1 Coluna
https://www.sepd.df.gov.br/w/novos-membros-do-conselho-de-defesa-dos-direitos-da-pessoa-com-deficiencia-tomam-posse-1,,Manual,6,4,"=SE(CONT.SE(A:A; A3) > 1; ""Duplicado""; ""Único"")",Raiz > Secretarias > Novos membros do Conselho de Defesa dos Direitos da Pessoa com Deficiência tomam posse,Oculta,-,Secretaria da Pessoa com Deficiência > Secretarias > Novos membros do Conselho de Defesa dos Direitos da Pessoa com Deficiência tomam posse,,-,Página com Formulário,-,Página de Widget,-,-,-,1 Coluna
https://www.sepd.df.gov.br/w/o-df-esta-pronto-para-a-vacinacao,,Manual,6,4,"=SE(CONT.SE(A:A; A3) > 1; ""Duplicado""; ""Único"")",Raiz > Secretarias > O DF está pronto para a vacinação,Oculta,-,Secretaria da Pessoa com Deficiência > Secretarias > O DF está pronto para a vacinação,,-,Página com Formulário,-,Página de Widget,-,-,-,1 Coluna
https://www.sepd.df.gov.br/w/o-mundo-traduzido-em-gestos,,Manual,6,4,"=SE(CONT.SE(A:A; A3) > 1; ""Duplicado""; ""Único"")",Raiz > Secretarias > O mundo traduzido em gestos,Oculta,-,Secretaria da Pessoa com Deficiência > Secretarias > O mundo traduzido em gestos,,-,Página com Formulário,-,Página de Widget,-,-,-,1 Coluna
https://www.sepd.df.gov.br/w/o-que-abre-e-fecha-no-feriado-prolongado-da-semana-santa,,Manual,6,4,"=SE(CONT.SE(A:A; A3) > 1; ""Duplicado""; ""Único"")",Raiz > Secretarias > O que abre e fecha no feriado prolongado da Semana Santa,Oculta,-,Secretaria da Pessoa com Deficiência > Secretarias > O que abre e fecha no feriado prolongado da Semana Santa,,-,Página com Formulário,-,Página de Widget,-,-,-,1 Coluna
https://www.sepd.df.gov.br/w/o-que-abre-e-o-que-fecha-neste-feriado-de-21-de-abril,,Manual,6,4,"=SE(CONT.SE(A:A; A3) > 1; ""Duplicado""; ""Único"")",Raiz > Secretarias > O que abre e o que fecha neste feriado de 21 de abril,Oculta,-,Secretaria da Pessoa com Deficiência > Secretarias > O que abre e o que fecha neste feriado de 21 de abril,,-,Página com Formulário,-,Página de Widget,-,-,-,1 Coluna
https://www.sepd.df.gov.br/w/o-trabalho-sensivel-de-pessoas-com-deficiencia-nos-viveiros-da-novacap,,Manual,6,4,"=SE(CONT.SE(A:A; A3) > 1; ""Duplicado""; ""Único"")",Raiz > Secretarias > O trabalho sensível de pessoas com deficiência nos viveiros da Novacap,Oculta,-,Secretaria da Pessoa com Deficiência > Secretarias > O trabalho sensível de pessoas com deficiência nos viveiros da Novacap,,-,Página com Formulário,-,Página de Widget,-,-,-,1 Coluna
https://www.sepd.df.gov.br/w/outubro-e-o-mes-de-conscientizacao-sobre-a-sindrome-de-rett,,Manual,6,4,"=SE(CONT.SE(A:A; A3) > 1; ""Duplicado""; ""Único"")",Raiz > Secretarias > Outubro é o mês de conscientização sobre a Síndrome de Rett,Oculta,-,Secretaria da Pessoa com Deficiência > Secretarias > Outubro é o mês de conscientização sobre a Síndrome de Rett,,-,Página com Formulário,-,Página de Widget,-,-,-,1 Coluna
https://www.sepd.df.gov.br/ouvidoria,,Manual,7,4,"=SE(CONT.SE(A:A; A3) > 1; ""Duplicado""; ""Único"")",Raiz > Secretarias > Ouvidoria,Oculta,-,Secretaria da Pessoa com Deficiência > Secretarias > Ouvidoria,,-,Página com Formulário,-,Página de Widget,-,-,-,1 Coluna
https://www.sepd.df.gov.br/ouvidoria-2,,Manual,7,4,"=SE(CONT.SE(A:A; A3) > 1; ""Duplicado""; ""Único"")",Raiz > Secretarias > Ouvidoria,Oculta,-,Secretaria da Pessoa com Deficiência > Secretarias > Ouvidoria,,-,Página com Formulário,-,Página de Widget,-,-,-,1 Coluna
https://www.sepd.df.gov.br/w/ouvidoria,,Manual,5,4,"=SE(CONT.SE(A:A; A3) > 1; ""Duplicado""; ""Único"")",Raiz > Secretarias > Ouvidoria,Oculta,-,Secretaria da Pessoa com Deficiência > Secretarias > Ouvidoria,,-,Página com Formulário,-,Página de Widget,-,-,-,1 Coluna
https://www.sepd.df.gov.br/w/ouvidoria-3,,Manual,5,4,"=SE(CONT.SE(A:A; A3) > 1; ""Duplicado""; ""Único"")",Raiz > Secretarias > Ouvidoria,Oculta,-,Secretaria da Pessoa com Deficiência > Secretarias > Ouvidoria,,-,Página com Formulário,-,Página de Widget,-,-,-,1 Coluna
https://www.sepd.df.gov.br/w/pacientes-que-sofrem-de-disfuncao-miccional-contam-com-ambulatorios-publicos-para-tratamento,,Manual,6,4,"=SE(CONT.SE(A:A; A3) > 1; ""Duplicado""; ""Único"")",Raiz > Secretarias > Pacientes que sofrem de disfunção miccional contam com ambulatórios públicos para tratamento,Oculta,-,Secretaria da Pessoa com Deficiência > Secretarias > Pacientes que sofrem de disfunção miccional contam com ambulatórios públicos para tratamento,,-,Página com Formulário,-,Página de Widget,-,-,-,1 Coluna
https://www.sepd.df.gov.br/w/papai-noel-vai-percorrer-varias-regioes-do-df,,Manual,6,4,"=SE(CONT.SE(A:A; A3) > 1; ""Duplicado""; ""Único"")",Raiz > Secretarias > Papai Noel vai percorrer várias regiões do DF,Oculta,-,Secretaria da Pessoa com Deficiência > Secretarias > Papai Noel vai percorrer várias regiões do DF,,-,Página com Formulário,-,Página de Widget,-,-,-,1 Coluna
https://www.sepd.df.gov.br/w/parceria-promove-conscientizacao-sobre-o-acesso-de-mulheres-deficientes-ao-atendimento-de-saude,,Manual,6,4,"=SE(CONT.SE(A:A; A3) > 1; ""Duplicado""; ""Único"")",Raiz > Secretarias > Parceria promove conscientização sobre o acesso de mulheres deficientes ao atendimento de saúde,Oculta,-,Secretaria da Pessoa com Deficiência > Secretarias > Parceria promove conscientização sobre o acesso de mulheres deficientes ao atendimento de saúde,,-,Página com Formulário,-,Página de Widget,-,-,-,1 Coluna
https://www.sepd.df.gov.br/w/parceria-vai-garantir-fortalecimento-do-esporte-inclusivo-no-df,,Manual,6,4,"=SE(CONT.SE(A:A; A3) > 1; ""Duplicado""; ""Único"")",Raiz > Secretarias > Parceria vai garantir fortalecimento do esporte inclusivo no DF,Oculta,-,Secretaria da Pessoa com Deficiência > Secretarias > Parceria vai garantir fortalecimento do esporte inclusivo no DF,,-,Página com Formulário,-,Página de Widget,-,-,-,1 Coluna
https://www.sepd.df.gov.br/w/parque-do-lago-norte-ganha-obras-de-acessibilidade,,Manual,6,4,"=SE(CONT.SE(A:A; A3) > 1; ""Duplicado""; ""Único"")",Raiz > Secretarias > Parque do Lago Norte ganha obras de acessibilidade,Oculta,-,Secretaria da Pessoa com Deficiência > Secretarias > Parque do Lago Norte ganha obras de acessibilidade,,-,Página com Formulário,-,Página de Widget,-,-,-,1 Coluna
https://www.sepd.df.gov.br/w/parque-e-adaptado-para-pessoas-com-deficiencia,,Manual,6,4,"=SE(CONT.SE(A:A; A3) > 1; ""Duplicado""; ""Único"")",Raiz > Secretarias > Parque é adaptado para Pessoas com Deficiência,Oculta,-,Secretaria da Pessoa com Deficiência > Secretarias > Parque é adaptado para Pessoas com Deficiência,,-,Página com Formulário,-,Página de Widget,-,-,-,1 Coluna
https://www.sepd.df.gov.br/w/participe-da-elaboracao-de-politicas-publicas-para-mulheres,,Manual,6,4,"=SE(CONT.SE(A:A; A3) > 1; ""Duplicado""; ""Único"")",Raiz > Secretarias > Participe da elaboração de políticas públicas para mulheres,Oculta,-,Secretaria da Pessoa com Deficiência > Secretarias > Participe da elaboração de políticas públicas para mulheres,,-,Página com Formulário,-,Página de Widget,-,-,-,1 Coluna
https://www.sepd.df.gov.br/w/passe-livre-especial-brb-mobilidade,,Manual,5,4,"=SE(CONT.SE(A:A; A3) > 1; ""Duplicado""; ""Único"")",Raiz > Secretarias > Passe Livre Especial (BRB Mobilidade),Oculta,-,Secretaria da Pessoa com Deficiência > Secretarias > Passe Livre Especial (BRB Mobilidade),,-,Página com Formulário,-,Página de Widget,-,-,-,1 Coluna
https://www.sepd.df.gov.br/w/passe-livre-mais-facil-para-pessoas-com-deficiencia,,Manual,6,4,"=SE(CONT.SE(A:A; A3) > 1; ""Duplicado""; ""Único"")",Raiz > Secretarias > Passe livre mais fácil para pessoas com deficiência,Oculta,-,Secretaria da Pessoa com Deficiência > Secretarias > Passe livre mais fácil para pessoas com deficiência,,-,Página com Formulário,-,Página de Widget,-,-,-,1 Coluna
https://www.sepd.df.gov.br/w/perfil-da-secret%C3%A1rio,,Manual,5,4,"=SE(CONT.SE(A:A; A3) > 1; ""Duplicado""; ""Único"")",Raiz > Secretarias > Perfil da secretário,Oculta,-,Secretaria da Pessoa com Deficiência > Secretarias > Perfil da secretário,,-,Página com Formulário,-,Página de Widget,-,-,-,1 Coluna
https://www.sepd.df.gov.br/w/perfil-do-secretario,,Manual,5,4,"=SE(CONT.SE(A:A; A3) > 1; ""Duplicado""; ""Único"")",Raiz > Secretarias > Perfil do Secretário,Oculta,-,Secretaria da Pessoa com Deficiência > Secretarias > Perfil do Secretário,,-,Página com Formulário,-,Página de Widget,-,-,-,1 Coluna
https://www.sepd.df.gov.br/w/perguntas-frequentes-da-lai,,Manual,5,4,"=SE(CONT.SE(A:A; A3) > 1; ""Duplicado""; ""Único"")",Raiz > Secretarias > Perguntas Frequentes da LAI,Oculta,-,Secretaria da Pessoa com Deficiência > Secretarias > Perguntas Frequentes da LAI,,-,Página com Formulário,-,Página de Widget,-,-,-,1 Coluna
https://www.sepd.df.gov.br/w/perguntas-frequentes-da-sepd/df,,Manual,5,4,"=SE(CONT.SE(A:A; A3) > 1; ""Duplicado""; ""Único"")",Raiz > Secretarias > Perguntas Frequentes da SEPD/DF,Oculta,-,Secretaria da Pessoa com Deficiência > Secretarias > Perguntas Frequentes da SEPD/DF,,-,Página com Formulário,-,Página de Widget,-,-,-,1 Coluna
https://www.sepd.df.gov.br/w/pessoa-com-deficiencia-parcerias-fortalecidas-para-melhorar-atendimento,,Manual,5,4,"=SE(CONT.SE(A:A; A3) > 1; ""Duplicado""; ""Único"")",Raiz > Secretarias > Pessoa com Deficiência: parcerias fortalecidas para melhorar atendimento,Oculta,-,Secretaria da Pessoa com Deficiência > Secretarias > Pessoa com Deficiência: parcerias fortalecidas para melhorar atendimento,,-,Página com Formulário,-,Página de Widget,-,-,-,1 Coluna
https://www.sepd.df.gov.br/w/pessoa-com-deficiencia-parcerias-fortalecidas-para-melhorar-atendimento-1,,Manual,6,4,"=SE(CONT.SE(A:A; A3) > 1; ""Duplicado""; ""Único"")",Raiz > Secretarias > Pessoa com Deficiência: parcerias fortalecidas para melhorar atendimento,Oculta,-,Secretaria da Pessoa com Deficiência > Secretarias > Pessoa com Deficiência: parcerias fortalecidas para melhorar atendimento,,-,Página com Formulário,-,Página de Widget,-,-,-,1 Coluna
https://www.sepd.df.gov.br/w/pessoas-com-deficiencia-terao-atendimento-exclusivo-pelo-subprograma-melhorias-habitacionais,,Manual,6,4,"=SE(CONT.SE(A:A; A3) > 1; ""Duplicado""; ""Único"")",Raiz > Secretarias > Pessoas com Deficiência terão atendimento exclusivo pelo subprograma Melhorias Habitacionais,Oculta,-,Secretaria da Pessoa com Deficiência > Secretarias > Pessoas com Deficiência terão atendimento exclusivo pelo subprograma Melhorias Habitacionais,,-,Página com Formulário,-,Página de Widget,-,-,-,1 Coluna
https://www.sepd.df.gov.br/w/pessoas-com-comorbidades-podem-agendar-vacinacao-a-partir-das-9h,,Manual,6,4,"=SE(CONT.SE(A:A; A3) > 1; ""Duplicado""; ""Único"")",Raiz > Secretarias > Pessoas com comorbidades podem agendar vacinação a partir das 9h,Oculta,-,Secretaria da Pessoa com Deficiência > Secretarias > Pessoas com comorbidades podem agendar vacinação a partir das 9h,,-,Página com Formulário,-,Página de Widget,-,-,-,1 Coluna
https://www.sepd.df.gov.br/w/pessoas-com-deficiencia-comemoram-conquistas-nas-politicas-publicas-do-df,,Manual,5,4,"=SE(CONT.SE(A:A; A3) > 1; ""Duplicado""; ""Único"")",Raiz > Secretarias > Pessoas com deficiência comemoram conquistas nas políticas públicas do DF,Oculta,-,Secretaria da Pessoa com Deficiência > Secretarias > Pessoas com deficiência comemoram conquistas nas políticas públicas do DF,,-,Página com Formulário,-,Página de Widget,-,-,-,1 Coluna
https://www.sepd.df.gov.br/w/pessoas-com-deficiencia-comemoram-conquistas-nas-politicas-publicas-do-df-1,,Manual,6,4,"=SE(CONT.SE(A:A; A3) > 1; ""Duplicado""; ""Único"")",Raiz > Secretarias > Pessoas com deficiência comemoram conquistas nas políticas públicas do DF,Oculta,-,Secretaria da Pessoa com Deficiência > Secretarias > Pessoas com deficiência comemoram conquistas nas políticas públicas do DF,,-,Página com Formulário,-,Página de Widget,-,-,-,1 Coluna
https://www.sepd.df.gov.br/w/pessoas-com-deficiencia-comecam-a-ser-vacinadas-na-semana-que-vem,,Manual,6,4,"=SE(CONT.SE(A:A; A3) > 1; ""Duplicado""; ""Único"")",Raiz > Secretarias > Pessoas com deficiência começam a ser vacinadas na semana que vem,Oculta,-,Secretaria da Pessoa com Deficiência > Secretarias > Pessoas com deficiência começam a ser vacinadas na semana que vem,,-,Página com Formulário,-,Página de Widget,-,-,-,1 Coluna
https://www.sepd.df.gov.br/w/pessoas-com-deficiencia-institucionalizadas-sao-vacinadas,,Manual,6,4,"=SE(CONT.SE(A:A; A3) > 1; ""Duplicado""; ""Único"")",Raiz > Secretarias > Pessoas com deficiência institucionalizadas são vacinadas,Oculta,-,Secretaria da Pessoa com Deficiência > Secretarias > Pessoas com deficiência institucionalizadas são vacinadas,,-,Página com Formulário,-,Página de Widget,-,-,-,1 Coluna
https://www.sepd.df.gov.br/w/pessoas-com-deficiencia-recebem-apoio-para-garantir-beneficios,,Manual,6,4,"=SE(CONT.SE(A:A; A3) > 1; ""Duplicado""; ""Único"")",Raiz > Secretarias > Pessoas com deficiência recebem apoio para garantir benefícios,Oculta,-,Secretaria da Pessoa com Deficiência > Secretarias > Pessoas com deficiência recebem apoio para garantir benefícios,,-,Página com Formulário,-,Página de Widget,-,-,-,1 Coluna
https://www.sepd.df.gov.br/w/pessoas-com-deficiencia-somam-38-da-populacao-do-df,,Manual,6,4,"=SE(CONT.SE(A:A; A3) > 1; ""Duplicado""; ""Único"")","Raiz > Secretarias > Pessoas com deficiência somam 3,8% da população do DF",Oculta,-,"Secretaria da Pessoa com Deficiência > Secretarias > Pessoas com deficiência somam 3,8% da população do DF",,-,Página com Formulário,-,Página de Widget,-,-,-,1 Coluna
https://www.sepd.df.gov.br/w/pessoas-de-50-a-54-anos-com-comorbidades-podem-agendar-vacinacao,,Manual,6,4,"=SE(CONT.SE(A:A; A3) > 1; ""Duplicado""; ""Único"")",Raiz > Secretarias > Pessoas de 50 a 54 anos com comorbidades podem agendar vacinação,Oculta,-,Secretaria da Pessoa com Deficiência > Secretarias > Pessoas de 50 a 54 anos com comorbidades podem agendar vacinação,,-,Página com Formulário,-,Página de Widget,-,-,-,1 Coluna
https://www.sepd.df.gov.br/w/plano-distrital-de-vacinacao-em-30-dias,,Manual,6,6,"=SE(CONT.SE(A:A; A3) > 1; ""Duplicado""; ""Único"")",Raiz > Secretarias > Plano distrital de vacinação em 30 dias,Oculta,-,Secretaria da Pessoa com Deficiência > Secretarias > Plano distrital de vacinação em 30 dias,,-,Página com Formulário,-,Página de Widget,-,-,-,1 Coluna
https://www.sepd.df.gov.br/w/plano-estrategico-da-vacinacao-contra-a-covid-19,,Manual,6,4,"=SE(CONT.SE(A:A; A3) > 1; ""Duplicado""; ""Único"")",Raiz > Secretarias > Plano estratégico da vacinação contra a Covid-19,Oculta,-,Secretaria da Pessoa com Deficiência > Secretarias > Plano estratégico da vacinação contra a Covid-19,,-,Página com Formulário,-,Página de Widget,-,-,-,1 Coluna
https://www.sepd.df.gov.br/w/politica-habitacional-para-a-pessoa-com-deficiencia-no-df-e-tema-de-live,,Manual,6,4,"=SE(CONT.SE(A:A; A3) > 1; ""Duplicado""; ""Único"")",Raiz > Secretarias > Política habitacional para a pessoa com deficiencia no DF é tema de live,Oculta,-,Secretaria da Pessoa com Deficiência > Secretarias > Política habitacional para a pessoa com deficiencia no DF é tema de live,,-,Página com Formulário,-,Página de Widget,-,-,-,1 Coluna
https://www.sepd.df.gov.br/w/portal-da-transparencia,,Manual,5,4,"=SE(CONT.SE(A:A; A3) > 1; ""Duplicado""; ""Único"")",Raiz > Secretarias > Portal da Transparência,Oculta,-,Secretaria da Pessoa com Deficiência > Secretarias > Portal da Transparência,,-,Página com Formulário,-,Página de Widget,-,-,-,1 Coluna
https://www.sepd.df.gov.br/w/portaria-conjunta-agilizara-acesso-de-pessoas-com-deficiencia-a-politicas-publicas,,Manual,6,4,"=SE(CONT.SE(A:A; A3) > 1; ""Duplicado""; ""Único"")",Raiz > Secretarias > Portaria conjunta agilizará acesso de pessoas com deficiência a políticas públicas,Oculta,-,Secretaria da Pessoa com Deficiência > Secretarias > Portaria conjunta agilizará acesso de pessoas com deficiência a políticas públicas,,-,Página com Formulário,-,Página de Widget,-,-,-,1 Coluna
https://www.sepd.df.gov.br/w/portaria-conjunta-desenvolve-politica-que-garante-a-inclusao-da-pessoa-com-deficiencia-no-mercado-de-trabalho,,Manual,6,4,"=SE(CONT.SE(A:A; A3) > 1; ""Duplicado""; ""Único"")",Raiz > Secretarias > Portaria conjunta desenvolve política que garante a inclusão da pessoa com deficiência no mercado de trabalho,Oculta,-,Secretaria da Pessoa com Deficiência > Secretarias > Portaria conjunta desenvolve política que garante a inclusão da pessoa com deficiência no mercado de trabalho,,-,Página com Formulário,-,Página de Widget,-,-,-,1 Coluna
https://www.sepd.df.gov.br/w/primeira-etapa-preve-a-vacinacao-de-600-mil,,Manual,6,5,"=SE(CONT.SE(A:A; A3) > 1; ""Duplicado""; ""Único"")",Raiz > Secretarias > Primeira etapa prevê a vacinação de 600 mil,Oculta,-,Secretaria da Pessoa com Deficiência > Secretarias > Primeira etapa prevê a vacinação de 600 mil,,-,Página com Formulário,-,Página de Widget,-,-,-,1 Coluna
https://www.sepd.df.gov.br/w/primeiro-atendimento-do-df-libras-ocorre-em-sobradinho,,Manual,5,4,"=SE(CONT.SE(A:A; A3) > 1; ""Duplicado""; ""Único"")",Raiz > Secretarias > Primeiro atendimento do DF Libras ocorre em Sobradinho,Oculta,-,Secretaria da Pessoa com Deficiência > Secretarias > Primeiro atendimento do DF Libras ocorre em Sobradinho,,-,Página com Formulário,-,Página de Widget,-,-,-,1 Coluna
https://www.sepd.df.gov.br/w/primeiro-atendimento-do-df-libras-ocorre-em-sobradinho-1,,Manual,6,4,"=SE(CONT.SE(A:A; A3) > 1; ""Duplicado""; ""Único"")",Raiz > Secretarias > Primeiro atendimento do DF Libras ocorre em Sobradinho,Oculta,-,Secretaria da Pessoa com Deficiência > Secretarias > Primeiro atendimento do DF Libras ocorre em Sobradinho,,-,Página com Formulário,-,Página de Widget,-,-,-,1 Coluna
https://www.sepd.df.gov.br/w/programa-do-gdf-reconstroi-mais-uma-casa-vulneravel%0D%0A%0D%0A%0D%0A%0D%0A%0D%0A%0D%0A%0D%0Apessoas-com-deficiencia-tem-prioridade-no-atendimen,,Manual,6,4,"=SE(CONT.SE(A:A; A3) > 1; ""Duplicado""; ""Único"")",Raiz > Secretarias > Programa do GDF reconstrói mais uma casa vulnerável     Pessoas com deficiência têm prioridade no atendimen...,Oculta,-,Secretaria da Pessoa com Deficiência > Secretarias > Programa do GDF reconstrói mais uma casa vulnerável     Pessoas com deficiência têm prioridade no atendimen...,,-,Página com Formulário,-,Página de Widget,-,-,-,1 Coluna
https://www.sepd.df.gov.br/noticias-com-fotos-fundo-azul,,Manual,6,4,"=SE(CONT.SE(A:A; A3) > 1; ""Duplicado""; ""Único"")",Raiz > Secretarias > Programas e Ações,Oculta,-,Secretaria da Pessoa com Deficiência > Secretarias > Programas e Ações,,-,Página com Formulário,-,Página de Widget,-,-,-,1 Coluna
https://www.sepd.df.gov.br/w/promotores-de-eventos-publicos-e-privados-deverao-garantir-acessibilidade,,Manual,6,4,"=SE(CONT.SE(A:A; A3) > 1; ""Duplicado""; ""Único"")",Raiz > Secretarias > Promotores de eventos públicos e privados deverão garantir acessibilidade,Oculta,-,Secretaria da Pessoa com Deficiência > Secretarias > Promotores de eventos públicos e privados deverão garantir acessibilidade,,-,Página com Formulário,-,Página de Widget,-,-,-,1 Coluna
https://www.sepd.df.gov.br/w/provas-de-concursos-para-surdos-serao-aplicadas-em-libras,,Manual,6,4,"=SE(CONT.SE(A:A; A3) > 1; ""Duplicado""; ""Único"")",Raiz > Secretarias > Provas de concursos para surdos serão aplicadas em Libras,Oculta,-,Secretaria da Pessoa com Deficiência > Secretarias > Provas de concursos para surdos serão aplicadas em Libras,,-,Página com Formulário,-,Página de Widget,-,-,-,1 Coluna
https://www.sepd.df.gov.br/pagina-exemplo,,Manual,6,4,"=SE(CONT.SE(A:A; A3) > 1; ""Duplicado""; ""Único"")",Raiz > Secretarias > Página Inicial,Oculta,-,Secretaria da Pessoa com Deficiência > Secretarias > Página Inicial,,-,Página com Formulário,-,Página de Widget,-,-,-,1 Coluna
https://www.sepd.df.gov.br/w/pagina-inicial,,Manual,5,4,"=SE(CONT.SE(A:A; A3) > 1; ""Duplicado""; ""Único"")",Raiz > Secretarias > Página Inicial,Oculta,-,Secretaria da Pessoa com Deficiência > Secretarias > Página Inicial,,-,Página com Formulário,-,Página de Widget,-,-,-,1 Coluna
https://www.sepd.df.gov.br/w/pagina-sem-nome-1,,Manual,5,4,"=SE(CONT.SE(A:A; A3) > 1; ""Duplicado""; ""Único"")",Raiz > Secretarias > Página sem Nome 1,Oculta,-,Secretaria da Pessoa com Deficiência > Secretarias > Página sem Nome 1,,-,Página com Formulário,-,Página de Widget,-,-,-,1 Coluna
https://www.sepd.df.gov.br/w/pagina-sem-nome-2,,Manual,5,4,"=SE(CONT.SE(A:A; A3) > 1; ""Duplicado""; ""Único"")",Raiz > Secretarias > Página sem Nome 2,Oculta,-,Secretaria da Pessoa com Deficiência > Secretarias > Página sem Nome 2,,-,Página com Formulário,-,Página de Widget,-,-,-,1 Coluna
https://www.sepd.df.gov.br/w/pagina-sem-nome-3,,Manual,5,4,"=SE(CONT.SE(A:A; A3) > 1; ""Duplicado""; ""Único"")",Raiz > Secretarias > Página sem Nome 3,Oculta,-,Secretaria da Pessoa com Deficiência > Secretarias > Página sem Nome 3,,-,Página com Formulário,-,Página de Widget,-,-,-,1 Coluna
https://www.sepd.df.gov.br/w/pagina-sem-nome-4,,Manual,5,4,"=SE(CONT.SE(A:A; A3) > 1; ""Duplicado""; ""Único"")",Raiz > Secretarias > Página sem Nome 4,Oculta,-,Secretaria da Pessoa com Deficiência > Secretarias > Página sem Nome 4,,-,Página com Formulário,-,Página de Widget,-,-,-,1 Coluna
https://www.sepd.df.gov.br/w/pagina-sem-nome-5,,Manual,5,4,"=SE(CONT.SE(A:A; A3) > 1; ""Duplicado""; ""Único"")",Raiz > Secretarias > Página sem Nome 5,Oculta,-,Secretaria da Pessoa com Deficiência > Secretarias > Página sem Nome 5,,-,Página com Formulário,-,Página de Widget,-,-,-,1 Coluna
https://www.sepd.df.gov.br/w/quem-%C3%A9-quem,,Manual,5,8,"=SE(CONT.SE(A:A; A3) > 1; ""Duplicado""; ""Único"")",Raiz > Secretarias > Quem é quem,Oculta,-,Secretaria da Pessoa com Deficiência > Secretarias > Quem é quem,,-,Página com Formulário,-,Página de Widget,-,-,-,1 Coluna
https://www.sepd.df.gov.br/w/quem-%C3%A9-quem-2,,Manual,5,4,"=SE(CONT.SE(A:A; A3) > 1; ""Duplicado""; ""Único"")",Raiz > Secretarias > Quem é quem 2,Oculta,-,Secretaria da Pessoa com Deficiência > Secretarias > Quem é quem 2,,-,Página com Formulário,-,Página de Widget,-,-,-,1 Coluna
https://www.sepd.df.gov.br/w/quinze-vagas-de-cobrador-de-onibus-em-oferta-para-pcd,,Manual,6,4,"=SE(CONT.SE(A:A; A3) > 1; ""Duplicado""; ""Único"")",Raiz > Secretarias > Quinze vagas de cobrador de ônibus em oferta para PCD,Oculta,-,Secretaria da Pessoa com Deficiência > Secretarias > Quinze vagas de cobrador de ônibus em oferta para PCD,,-,Página com Formulário,-,Página de Widget,-,-,-,1 Coluna
https://www.sepd.df.gov.br/w/rede-publica-de-saude-estimula-desenvolvimento-da-pessoa-com-deficiencia,,Manual,6,4,"=SE(CONT.SE(A:A; A3) > 1; ""Duplicado""; ""Único"")",Raiz > Secretarias > Rede pública de saúde estimula desenvolvimento da pessoa com deficiência,Oculta,-,Secretaria da Pessoa com Deficiência > Secretarias > Rede pública de saúde estimula desenvolvimento da pessoa com deficiência,,-,Página com Formulário,-,Página de Widget,-,-,-,1 Coluna
https://www.sepd.df.gov.br/w/redes-sociais,,Manual,6,4,"=SE(CONT.SE(A:A; A3) > 1; ""Duplicado""; ""Único"")",Raiz > Secretarias > Redes sociais,Oculta,-,Secretaria da Pessoa com Deficiência > Secretarias > Redes sociais,,-,Página com Formulário,-,Página de Widget,-,-,-,1 Coluna
https://www.sepd.df.gov.br/w/regimento,,Manual,5,4,"=SE(CONT.SE(A:A; A3) > 1; ""Duplicado""; ""Único"")",Raiz > Secretarias > Regimento,Oculta,-,Secretaria da Pessoa com Deficiência > Secretarias > Regimento,,-,Página com Formulário,-,Página de Widget,-,-,-,1 Coluna
https://www.sepd.df.gov.br/w/regulamentado-cordao-de-girassol-para-identificacao-de-deficiencias-ocultas,,Manual,5,5,"=SE(CONT.SE(A:A; A3) > 1; ""Duplicado""; ""Único"")",Raiz > Secretarias > Regulamentado cordão de girassol para identificação de deficiências ocultas,Oculta,-,Secretaria da Pessoa com Deficiência > Secretarias > Regulamentado cordão de girassol para identificação de deficiências ocultas,,-,Página com Formulário,-,Página de Widget,-,-,-,1 Coluna
https://www.sepd.df.gov.br/w/regulamentado-cordao-de-girassol-para-identificacao-de-deficiencias-ocultas-1,,Manual,6,5,"=SE(CONT.SE(A:A; A3) > 1; ""Duplicado""; ""Único"")",Raiz > Secretarias > Regulamentado cordão de girassol para identificação de deficiências ocultas,Oculta,-,Secretaria da Pessoa com Deficiência > Secretarias > Regulamentado cordão de girassol para identificação de deficiências ocultas,,-,Página com Formulário,-,Página de Widget,-,-,-,1 Coluna
https://www.sepd.df.gov.br/w/residencias-inclusivas-vao-acolher-pessoas-com-deficiencia,,Manual,6,4,"=SE(CONT.SE(A:A; A3) > 1; ""Duplicado""; ""Único"")",Raiz > Secretarias > Residências inclusivas vão acolher pessoas com deficiência,Oculta,-,Secretaria da Pessoa com Deficiência > Secretarias > Residências inclusivas vão acolher pessoas com deficiência,,-,Página com Formulário,-,Página de Widget,-,-,-,1 Coluna
https://www.sepd.df.gov.br/w/resolucoes,,Manual,5,4,"=SE(CONT.SE(A:A; A3) > 1; ""Duplicado""; ""Único"")",Raiz > Secretarias > Resoluções,Oculta,-,Secretaria da Pessoa com Deficiência > Secretarias > Resoluções,,-,Página com Formulário,-,Página de Widget,-,-,-,1 Coluna
https://www.sepd.df.gov.br/w/retomada-a-vacinacao-de-gestantes-e-puerperas-com-comorbidades,,Manual,6,4,"=SE(CONT.SE(A:A; A3) > 1; ""Duplicado""; ""Único"")",Raiz > Secretarias > Retomada a vacinação de gestantes e puérperas com comorbidades,Oculta,-,Secretaria da Pessoa com Deficiência > Secretarias > Retomada a vacinação de gestantes e puérperas com comorbidades,,-,Página com Formulário,-,Página de Widget,-,-,-,1 Coluna
https://www.sepd.df.gov.br/w/rodoviaria-do-plano-piloto-ja-tem-elevador-funcionando,,Manual,6,4,"=SE(CONT.SE(A:A; A3) > 1; ""Duplicado""; ""Único"")",Raiz > Secretarias > Rodoviária do Plano Piloto já tem elevador funcionando,Oculta,-,Secretaria da Pessoa com Deficiência > Secretarias > Rodoviária do Plano Piloto já tem elevador funcionando,,-,Página com Formulário,-,Página de Widget,-,-,-,1 Coluna
https://www.sepd.df.gov.br/w/sepd-agradece-parceiros-e-reafirma-compromisso-com-empregabilidade,,Manual,6,4,"=SE(CONT.SE(A:A; A3) > 1; ""Duplicado""; ""Único"")",Raiz > Secretarias > SEPD agradece parceiros e reafirma compromisso com empregabilidade,Oculta,-,Secretaria da Pessoa com Deficiência > Secretarias > SEPD agradece parceiros e reafirma compromisso com empregabilidade,,-,Página com Formulário,-,Página de Widget,-,-,-,1 Coluna
https://www.sepd.df.gov.br/w/sepd-atende-100-do-indice-de-transparencia-ita-ativa-2021,,Manual,6,4,"=SE(CONT.SE(A:A; A3) > 1; ""Duplicado""; ""Único"")",Raiz > Secretarias > SEPD atende 100% do Índice de Transparência (ITA) Ativa 2021,Oculta,-,Secretaria da Pessoa com Deficiência > Secretarias > SEPD atende 100% do Índice de Transparência (ITA) Ativa 2021,,-,Página com Formulário,-,Página de Widget,-,-,-,1 Coluna
https://www.sepd.df.gov.br/w/sepd-comemora-setembro-inclusivo.-confira-a-programacao,,Manual,6,4,"=SE(CONT.SE(A:A; A3) > 1; ""Duplicado""; ""Único"")",Raiz > Secretarias > SEPD comemora Setembro Inclusivo. Confira a programação,Oculta,-,Secretaria da Pessoa com Deficiência > Secretarias > SEPD comemora Setembro Inclusivo. Confira a programação,,-,Página com Formulário,-,Página de Widget,-,-,-,1 Coluna
https://www.sepd.df.gov.br/w/sepd-discute-implantacao-de-escola-bilingue-de-brasilia-para-surdos,,Manual,6,4,"=SE(CONT.SE(A:A; A3) > 1; ""Duplicado""; ""Único"")",Raiz > Secretarias > SEPD discute implantação de escola bilingue de Brasília para surdos,Oculta,-,Secretaria da Pessoa com Deficiência > Secretarias > SEPD discute implantação de escola bilingue de Brasília para surdos,,-,Página com Formulário,-,Página de Widget,-,-,-,1 Coluna
https://www.sepd.df.gov.br/w/sepd-e-sebrae-df-lancam-manual-de-inclusao-de-pessoas-com-deficiencia-no-mercado-de-trabalho,,Manual,6,4,"=SE(CONT.SE(A:A; A3) > 1; ""Duplicado""; ""Único"")",Raiz > Secretarias > SEPD e Sebrae-DF lançam manual de Inclusão de Pessoas com Deficiência no Mercado de Trabalho,Oculta,-,Secretaria da Pessoa com Deficiência > Secretarias > SEPD e Sebrae-DF lançam manual de Inclusão de Pessoas com Deficiência no Mercado de Trabalho,,-,Página com Formulário,-,Página de Widget,-,-,-,1 Coluna
https://www.sepd.df.gov.br/w/sepd-e-sebrae-df-promovem-seminario-sobre-inclusao-de-pessoas-com-deficiencia-nas-empresas,,Manual,6,4,"=SE(CONT.SE(A:A; A3) > 1; ""Duplicado""; ""Único"")",Raiz > Secretarias > SEPD e Sebrae-DF promovem seminário sobre inclusão de pessoas com deficiência nas empresas,Oculta,-,Secretaria da Pessoa com Deficiência > Secretarias > SEPD e Sebrae-DF promovem seminário sobre inclusão de pessoas com deficiência nas empresas,,-,Página com Formulário,-,Página de Widget,-,-,-,1 Coluna
https://www.sepd.df.gov.br/w/sepd-e-secretaria-de-desenvolvimento-social-alinham-projeto-de-parceria,,Manual,6,4,"=SE(CONT.SE(A:A; A3) > 1; ""Duplicado""; ""Único"")",Raiz > Secretarias > SEPD e Secretaria de Desenvolvimento Social alinham projeto de parceria,Oculta,-,Secretaria da Pessoa com Deficiência > Secretarias > SEPD e Secretaria de Desenvolvimento Social alinham projeto de parceria,,-,Página com Formulário,-,Página de Widget,-,-,-,1 Coluna
https://www.sepd.df.gov.br/w/sepd-e-unieuro-firmam-acordo-de-cooperacao,,Manual,6,4,"=SE(CONT.SE(A:A; A3) > 1; ""Duplicado""; ""Único"")",Raiz > Secretarias > SEPD e Unieuro firmam acordo de cooperação,Oculta,-,Secretaria da Pessoa com Deficiência > Secretarias > SEPD e Unieuro firmam acordo de cooperação,,-,Página com Formulário,-,Página de Widget,-,-,-,1 Coluna
https://www.sepd.df.gov.br/w/sepd-e-empresa-amazonas-firmam-parceria-para-inclusao-no-mercado-de-trabalho,,Manual,6,4,"=SE(CONT.SE(A:A; A3) > 1; ""Duplicado""; ""Único"")",Raiz > Secretarias > SEPD e empresa Amazonas firmam parceria para inclusão no mercado de trabalho,Oculta,-,Secretaria da Pessoa com Deficiência > Secretarias > SEPD e empresa Amazonas firmam parceria para inclusão no mercado de trabalho,,-,Página com Formulário,-,Página de Widget,-,-,-,1 Coluna
https://www.sepd.df.gov.br/w/sepd-firmam-parceria-com-o-rotary-club,,Manual,6,4,"=SE(CONT.SE(A:A; A3) > 1; ""Duplicado""; ""Único"")",Raiz > Secretarias > SEPD firmam parceria com o Rotary Club,Oculta,-,Secretaria da Pessoa com Deficiência > Secretarias > SEPD firmam parceria com o Rotary Club,,-,Página com Formulário,-,Página de Widget,-,-,-,1 Coluna
https://www.sepd.df.gov.br/w/sepd-homenageia-com-certificado-de-honra-ao-merito-atletas-tecnicos-e-dirigentes-do-paradesporto-no-df,,Manual,6,4,"=SE(CONT.SE(A:A; A3) > 1; ""Duplicado""; ""Único"")","Raiz > Secretarias > SEPD homenageia com certificado de honra ao mérito atletas, técnicos e dirigentes do paradesporto no DF",Oculta,-,"Secretaria da Pessoa com Deficiência > Secretarias > SEPD homenageia com certificado de honra ao mérito atletas, técnicos e dirigentes do paradesporto no DF",,-,Página com Formulário,-,Página de Widget,-,-,-,1 Coluna
https://www.sepd.df.gov.br/w/sepd-participa-de-apresentacao-do-plano-de-contingencia-para-pessoas-com-deficiencia-e-doencas-raras,,Manual,6,4,"=SE(CONT.SE(A:A; A3) > 1; ""Duplicado""; ""Único"")",Raiz > Secretarias > SEPD participa de apresentação do Plano de Contingência para Pessoas com Deficiência e Doenças Raras,Oculta,-,Secretaria da Pessoa com Deficiência > Secretarias > SEPD participa de apresentação do Plano de Contingência para Pessoas com Deficiência e Doenças Raras,,-,Página com Formulário,-,Página de Widget,-,-,-,1 Coluna
https://www.sepd.df.gov.br/w/sepd-participa-de-entrega-da-campanha-agasalho-solidario,,Manual,6,4,"=SE(CONT.SE(A:A; A3) > 1; ""Duplicado""; ""Único"")",Raiz > Secretarias > SEPD participa de entrega da campanha Agasalho Solidário,Oculta,-,Secretaria da Pessoa com Deficiência > Secretarias > SEPD participa de entrega da campanha Agasalho Solidário,,-,Página com Formulário,-,Página de Widget,-,-,-,1 Coluna
https://www.sepd.df.gov.br/w/sepd-participa-do-lancamento-do-guia-da-rota-arquitetonica-de-turismo-acessivel-do-distrito-federal,,Manual,6,4,"=SE(CONT.SE(A:A; A3) > 1; ""Duplicado""; ""Único"")",Raiz > Secretarias > SEPD participa do lançamento do Guia da Rota Arquitetônica de Turismo Acessível do Distrito Federal,Oculta,-,Secretaria da Pessoa com Deficiência > Secretarias > SEPD participa do lançamento do Guia da Rota Arquitetônica de Turismo Acessível do Distrito Federal,,-,Página com Formulário,-,Página de Widget,-,-,-,1 Coluna
https://www.sepd.df.gov.br/w/sepd-promove-1-concurso-de-fotografia-inclusiva-do-df,,Manual,6,6,"=SE(CONT.SE(A:A; A3) > 1; ""Duplicado""; ""Único"")",Raiz > Secretarias > SEPD promove 1º concurso de fotografia inclusiva do DF,Oculta,-,Secretaria da Pessoa com Deficiência > Secretarias > SEPD promove 1º concurso de fotografia inclusiva do DF,,-,Página com Formulário,-,Página de Widget,-,-,-,1 Coluna
https://www.sepd.df.gov.br/w/sepd-promove-primeiro-curso-online-de-qualificacao-profissional,,Manual,6,4,"=SE(CONT.SE(A:A; A3) > 1; ""Duplicado""; ""Único"")",Raiz > Secretarias > SEPD promove primeiro curso online de qualificação profissional,Oculta,-,Secretaria da Pessoa com Deficiência > Secretarias > SEPD promove primeiro curso online de qualificação profissional,,-,Página com Formulário,-,Página de Widget,-,-,-,1 Coluna
https://www.sepd.df.gov.br/w/sepd-promove-primeiro-modulo-do-curso-de-nocoes-basicas-do-mrosc-para-instituicoes,,Manual,6,4,"=SE(CONT.SE(A:A; A3) > 1; ""Duplicado""; ""Único"")",Raiz > Secretarias > SEPD promove primeiro módulo do curso de noções básicas do MROSC para instituições,Oculta,-,Secretaria da Pessoa com Deficiência > Secretarias > SEPD promove primeiro módulo do curso de noções básicas do MROSC para instituições,,-,Página com Formulário,-,Página de Widget,-,-,-,1 Coluna
https://www.sepd.df.gov.br/w/sepd-recebe-pedido-de-entidades-por-prioridade-na-vacinacao-contra-a-covid-19,,Manual,6,4,"=SE(CONT.SE(A:A; A3) > 1; ""Duplicado""; ""Único"")",Raiz > Secretarias > SEPD recebe pedido de entidades por prioridade na vacinação contra a Covid-19,Oculta,-,Secretaria da Pessoa com Deficiência > Secretarias > SEPD recebe pedido de entidades por prioridade na vacinação contra a Covid-19,,-,Página com Formulário,-,Página de Widget,-,-,-,1 Coluna
https://www.sepd.df.gov.br/w/sepd-vai-implantar-o-centro-de-atendimento-a-pessoa-com-deficiencia,,Manual,6,4,"=SE(CONT.SE(A:A; A3) > 1; ""Duplicado""; ""Único"")",Raiz > Secretarias > SEPD vai implantar o Centro de Atendimento à Pessoa com Deficiência,Oculta,-,Secretaria da Pessoa com Deficiência > Secretarias > SEPD vai implantar o Centro de Atendimento à Pessoa com Deficiência,,-,Página com Formulário,-,Página de Widget,-,-,-,1 Coluna
https://www.sepd.df.gov.br/w/sepd-visita-centros-olimpicos-do-df,,Manual,6,4,"=SE(CONT.SE(A:A; A3) > 1; ""Duplicado""; ""Único"")",Raiz > Secretarias > SEPD visita Centros Olímpicos do DF,Oculta,-,Secretaria da Pessoa com Deficiência > Secretarias > SEPD visita Centros Olímpicos do DF,,-,Página com Formulário,-,Página de Widget,-,-,-,1 Coluna
https://www.sepd.df.gov.br/w/sai-resultado-final-de-edital-sobre-gestao-da-sala-cassia-eller,,Manual,6,5,"=SE(CONT.SE(A:A; A3) > 1; ""Duplicado""; ""Único"")",Raiz > Secretarias > Sai resultado final de edital sobre gestão da Sala Cássia Eller,Oculta,-,Secretaria da Pessoa com Deficiência > Secretarias > Sai resultado final de edital sobre gestão da Sala Cássia Eller,,-,Página com Formulário,-,Página de Widget,-,-,-,1 Coluna
https://www.sepd.df.gov.br/w/saiba-mais,,Manual,5,4,"=SE(CONT.SE(A:A; A3) > 1; ""Duplicado""; ""Único"")",Raiz > Secretarias > Saiba Mais,Oculta,-,Secretaria da Pessoa com Deficiência > Secretarias > Saiba Mais,,-,Página com Formulário,-,Página de Widget,-,-,-,1 Coluna
https://www.sepd.df.gov.br/w/saiba-como-solicitar-cadeira-de-rodas,,Manual,5,4,"=SE(CONT.SE(A:A; A3) > 1; ""Duplicado""; ""Único"")",Raiz > Secretarias > Saiba como solicitar sua cadeira de rodas,Oculta,-,Secretaria da Pessoa com Deficiência > Secretarias > Saiba como solicitar sua cadeira de rodas,,-,Página com Formulário,-,Página de Widget,-,-,-,1 Coluna
https://www.sepd.df.gov.br/w/salarios-de-ate-r-3-mil-para-pessoas-com-deficiencia,,Manual,6,7,"=SE(CONT.SE(A:A; A3) > 1; ""Duplicado""; ""Único"")",Raiz > Secretarias > Salários de até R$ 3 mil para pessoas com deficiência,Oculta,-,Secretaria da Pessoa com Deficiência > Secretarias > Salários de até R$ 3 mil para pessoas com deficiência,,-,Página com Formulário,-,Página de Widget,-,-,-,1 Coluna
https://www.sepd.df.gov.br/w/samuel-sousa-assume-secretaria-executiva-da-sepd,,Manual,6,4,"=SE(CONT.SE(A:A; A3) > 1; ""Duplicado""; ""Único"")",Raiz > Secretarias > Samuel Sousa assume Secretaria Executiva da SEPD,Oculta,-,Secretaria da Pessoa com Deficiência > Secretarias > Samuel Sousa assume Secretaria Executiva da SEPD,,-,Página com Formulário,-,Página de Widget,-,-,-,1 Coluna
https://www.sepd.df.gov.br/w/sancionada-lei-que-garante-atencao-a-maes-de-criancas-com-deficiencia,,Manual,6,5,"=SE(CONT.SE(A:A; A3) > 1; ""Duplicado""; ""Único"")",Raiz > Secretarias > Sancionada lei que garante atenção a mães de crianças com deficiência,Oculta,-,Secretaria da Pessoa com Deficiência > Secretarias > Sancionada lei que garante atenção a mães de crianças com deficiência,,-,Página com Formulário,-,Página de Widget,-,-,-,1 Coluna
https://www.sepd.df.gov.br/w/sancionada-lei-sobre-politica-distrital-de-primeiro-emprego-para-jovens-com-deficiencia-auditiva,,Manual,6,5,"=SE(CONT.SE(A:A; A3) > 1; ""Duplicado""; ""Único"")",Raiz > Secretarias > Sancionada lei sobre Política Distrital de Primeiro Emprego para jovens com deficiência auditiva,Oculta,-,Secretaria da Pessoa com Deficiência > Secretarias > Sancionada lei sobre Política Distrital de Primeiro Emprego para jovens com deficiência auditiva,,-,Página com Formulário,-,Página de Widget,-,-,-,1 Coluna
https://www.sepd.df.gov.br/w/saude-contabiliza-2.324-agendamentos-de-pessoas-com-comorbidades,,Manual,6,4,"=SE(CONT.SE(A:A; A3) > 1; ""Duplicado""; ""Único"")",Raiz > Secretarias > Saúde contabiliza 2.324 agendamentos de pessoas com comorbidades,Oculta,-,Secretaria da Pessoa com Deficiência > Secretarias > Saúde contabiliza 2.324 agendamentos de pessoas com comorbidades,,-,Página com Formulário,-,Página de Widget,-,-,-,1 Coluna
https://www.sepd.df.gov.br/w/saude-da-populacao-negra-e-tema-de-capacitacao,,Manual,6,4,"=SE(CONT.SE(A:A; A3) > 1; ""Duplicado""; ""Único"")",Raiz > Secretarias > Saúde da população negra é tema de capacitação,Oculta,-,Secretaria da Pessoa com Deficiência > Secretarias > Saúde da população negra é tema de capacitação,,-,Página com Formulário,-,Página de Widget,-,-,-,1 Coluna
https://www.sepd.df.gov.br/w/se-for-viajar-previna-se,,Manual,6,4,"=SE(CONT.SE(A:A; A3) > 1; ""Duplicado""; ""Único"")","Raiz > Secretarias > Se for viajar, previna-se!",Oculta,-,"Secretaria da Pessoa com Deficiência > Secretarias > Se for viajar, previna-se!",,-,Página com Formulário,-,Página de Widget,-,-,-,1 Coluna
https://www.sepd.df.gov.br/w/seca-e-calor-agravam-ate-a-chegada-das-chuvas,,Manual,6,4,"=SE(CONT.SE(A:A; A3) > 1; ""Duplicado""; ""Único"")",Raiz > Secretarias > Seca e calor agravam até a chegada das chuvas,Oculta,-,Secretaria da Pessoa com Deficiência > Secretarias > Seca e calor agravam até a chegada das chuvas,,-,Página com Formulário,-,Página de Widget,-,-,-,1 Coluna
https://www.sepd.df.gov.br/w/seca-poe-df-em-estado-de-atencao-saiba-o-que-fazer,,Manual,6,4,"=SE(CONT.SE(A:A; A3) > 1; ""Duplicado""; ""Único"")",Raiz > Secretarias > Seca põe DF em estado de atenção; saiba o que fazer,Oculta,-,Secretaria da Pessoa com Deficiência > Secretarias > Seca põe DF em estado de atenção; saiba o que fazer,,-,Página com Formulário,-,Página de Widget,-,-,-,1 Coluna
https://www.sepd.df.gov.br/w/secretaria-da-pessoa-com-deficiencia-completa-1-ano-de-existencia,,Manual,6,4,"=SE(CONT.SE(A:A; A3) > 1; ""Duplicado""; ""Único"")",Raiz > Secretarias > Secretaria da Pessoa com Deficiência completa 1 ano de existência,Oculta,-,Secretaria da Pessoa com Deficiência > Secretarias > Secretaria da Pessoa com Deficiência completa 1 ano de existência,,-,Página com Formulário,-,Página de Widget,-,-,-,1 Coluna
https://www.sepd.df.gov.br/w/secretaria-da-pessoa-com-deficiencia-do-df-prestigia-entrega-de-escrituras-em-brazlandia,,Manual,6,4,"=SE(CONT.SE(A:A; A3) > 1; ""Duplicado""; ""Único"")",Raiz > Secretarias > Secretaria da Pessoa com Deficiência do DF prestigia entrega de escrituras em Brazlândia,Oculta,-,Secretaria da Pessoa com Deficiência > Secretarias > Secretaria da Pessoa com Deficiência do DF prestigia entrega de escrituras em Brazlândia,,-,Página com Formulário,-,Página de Widget,-,-,-,1 Coluna
https://www.sepd.df.gov.br/w/secretaria-da-pessoa-com-deficiencia-homenageia-surdos-e-destaca-protagonismo,,Manual,6,4,"=SE(CONT.SE(A:A; A3) > 1; ""Duplicado""; ""Único"")",Raiz > Secretarias > Secretaria da Pessoa com Deficiência homenageia surdos e destaca protagonismo,Oculta,-,Secretaria da Pessoa com Deficiência > Secretarias > Secretaria da Pessoa com Deficiência homenageia surdos e destaca protagonismo,,-,Página com Formulário,-,Página de Widget,-,-,-,1 Coluna
https://www.sepd.df.gov.br/w/secretaria-da-pessoa-com-deficiencia-promove-cuidados-da-saude-da-mulher-para-deficientes-visuais,,Manual,6,4,"=SE(CONT.SE(A:A; A3) > 1; ""Duplicado""; ""Único"")",Raiz > Secretarias > Secretaria da Pessoa com Deficiência promove cuidados da saúde da mulher para deficientes visuais,Oculta,-,Secretaria da Pessoa com Deficiência > Secretarias > Secretaria da Pessoa com Deficiência promove cuidados da saúde da mulher para deficientes visuais,,-,Página com Formulário,-,Página de Widget,-,-,-,1 Coluna
https://www.sepd.df.gov.br/w/secretaria-da-pessoa-com-deficiencia-promove-mutirao-e-leva-servicos-ate-brazlandia,,Manual,6,4,"=SE(CONT.SE(A:A; A3) > 1; ""Duplicado""; ""Único"")",Raiz > Secretarias > Secretaria da Pessoa com Deficiência promove mutirão e leva serviços até Brazlândia,Oculta,-,Secretaria da Pessoa com Deficiência > Secretarias > Secretaria da Pessoa com Deficiência promove mutirão e leva serviços até Brazlândia,,-,Página com Formulário,-,Página de Widget,-,-,-,1 Coluna
https://www.sepd.df.gov.br/w/secretaria-da-pessoa-com-deficiencia-realiza-cadastramento-para-instituicoes-do-df,,Manual,6,5,"=SE(CONT.SE(A:A; A3) > 1; ""Duplicado""; ""Único"")",Raiz > Secretarias > Secretaria da Pessoa com Deficiência realiza cadastramento para instituições do DF,Oculta,-,Secretaria da Pessoa com Deficiência > Secretarias > Secretaria da Pessoa com Deficiência realiza cadastramento para instituições do DF,,-,Página com Formulário,-,Página de Widget,-,-,-,1 Coluna
https://www.sepd.df.gov.br/w/secretaria-da-pessoa-com-deficiencia-recebe-premio-por-alcancar-100-de-transparencia,,Manual,6,4,"=SE(CONT.SE(A:A; A3) > 1; ""Duplicado""; ""Único"")",Raiz > Secretarias > Secretaria da Pessoa com Deficiência recebe prêmio por alcançar 100% de transparência,Oculta,-,Secretaria da Pessoa com Deficiência > Secretarias > Secretaria da Pessoa com Deficiência recebe prêmio por alcançar 100% de transparência,,-,Página com Formulário,-,Página de Widget,-,-,-,1 Coluna
https://www.sepd.df.gov.br/w/secretaria-homenageia-interpretes-da-central-de-libras-do-distrito-federal,,Manual,6,4,"=SE(CONT.SE(A:A; A3) > 1; ""Duplicado""; ""Único"")",Raiz > Secretarias > Secretaria homenageia intérpretes da Central de Libras do Distrito Federal,Oculta,-,Secretaria da Pessoa com Deficiência > Secretarias > Secretaria homenageia intérpretes da Central de Libras do Distrito Federal,,-,Página com Formulário,-,Página de Widget,-,-,-,1 Coluna
https://www.sepd.df.gov.br/w/secretaria-lanca-cartilha-evento-acessivel,,Manual,6,4,"=SE(CONT.SE(A:A; A3) > 1; ""Duplicado""; ""Único"")",Raiz > Secretarias > Secretaria lança cartilha Evento Acessível,Oculta,-,Secretaria da Pessoa com Deficiência > Secretarias > Secretaria lança cartilha Evento Acessível,,-,Página com Formulário,-,Página de Widget,-,-,-,1 Coluna
https://www.sepd.df.gov.br/w/secretarias-fortalecem-acesso-de-pessoas-com-deficiencia-a-politicas-publicas,,Manual,6,4,"=SE(CONT.SE(A:A; A3) > 1; ""Duplicado""; ""Único"")",Raiz > Secretarias > Secretarias fortalecem acesso de pessoas com deficiência a políticas públicas,Oculta,-,Secretaria da Pessoa com Deficiência > Secretarias > Secretarias fortalecem acesso de pessoas com deficiência a políticas públicas,,-,Página com Formulário,-,Página de Widget,-,-,-,1 Coluna
https://www.sepd.df.gov.br/w/secretarias-se-reunem-para-proporcionar-a-obtencao-de-beneficios-para-deficientes,,Manual,6,4,"=SE(CONT.SE(A:A; A3) > 1; ""Duplicado""; ""Único"")",Raiz > Secretarias > Secretarias se reúnem para proporcionar a obtenção de benefícios para deficientes,Oculta,-,Secretaria da Pessoa com Deficiência > Secretarias > Secretarias se reúnem para proporcionar a obtenção de benefícios para deficientes,,-,Página com Formulário,-,Página de Widget,-,-,-,1 Coluna
https://www.sepd.df.gov.br/w/secretario-flavio-santos-participa-da-cerimonia-de-posse-da-nova-diretoria-da-ubrapod,,Manual,6,4,"=SE(CONT.SE(A:A; A3) > 1; ""Duplicado""; ""Único"")",Raiz > Secretarias > Secretário Flávio Santos participa da cerimônia de posse da nova diretoria da UBRAPOD,Oculta,-,Secretaria da Pessoa com Deficiência > Secretarias > Secretário Flávio Santos participa da cerimônia de posse da nova diretoria da UBRAPOD,,-,Página com Formulário,-,Página de Widget,-,-,-,1 Coluna
https://www.sepd.df.gov.br/w/secretario-e-subsecretaria-da-sepd-se-encontram-para-discutirem-acoes-de-2021,,Manual,6,4,"=SE(CONT.SE(A:A; A3) > 1; ""Duplicado""; ""Único"")",Raiz > Secretarias > Secretário e subsecretária da SEPD se encontram para discutirem ações de 2021,Oculta,-,Secretaria da Pessoa com Deficiência > Secretarias > Secretário e subsecretária da SEPD se encontram para discutirem ações de 2021,,-,Página com Formulário,-,Página de Widget,-,-,-,1 Coluna
https://www.sepd.df.gov.br/w/secretario-recebe-representantes-da-comunidade-surda,,Manual,6,4,"=SE(CONT.SE(A:A; A3) > 1; ""Duplicado""; ""Único"")",Raiz > Secretarias > Secretário recebe representantes da Comunidade Surda,Oculta,-,Secretaria da Pessoa com Deficiência > Secretarias > Secretário recebe representantes da Comunidade Surda,,-,Página com Formulário,-,Página de Widget,-,-,-,1 Coluna
https://www.sepd.df.gov.br/w/seis-centros-olimpicos-e-paralimpicos-passam-a-funcionar-com-100-da-capacidade,,Manual,6,4,"=SE(CONT.SE(A:A; A3) > 1; ""Duplicado""; ""Único"")",Raiz > Secretarias > Seis centros olímpicos e paralímpicos passam a funcionar com 100% da capacidade,Oculta,-,Secretaria da Pessoa com Deficiência > Secretarias > Seis centros olímpicos e paralímpicos passam a funcionar com 100% da capacidade,,-,Página com Formulário,-,Página de Widget,-,-,-,1 Coluna
https://www.sepd.df.gov.br/sem-categoria,,Manual,5,4,"=SE(CONT.SE(A:A; A3) > 1; ""Duplicado""; ""Único"")",Raiz > Secretarias > Sem Categoria,Oculta,-,Secretaria da Pessoa com Deficiência > Secretarias > Sem Categoria,,-,Página com Formulário,-,Página de Widget,-,-,-,1 Coluna
https://www.sepd.df.gov.br/w/semana-abre-com-vagas-para-pessoas-com-deficiencia,,Manual,6,5,"=SE(CONT.SE(A:A; A3) > 1; ""Duplicado""; ""Único"")",Raiz > Secretarias > Semana abre com vagas para pessoas com deficiência,Oculta,-,Secretaria da Pessoa com Deficiência > Secretarias > Semana abre com vagas para pessoas com deficiência,,-,Página com Formulário,-,Página de Widget,-,-,-,1 Coluna
https://www.sepd.df.gov.br/w/servidor-ganha-plano-de-saude-de-presente,,Manual,7,4,"=SE(CONT.SE(A:A; A3) > 1; ""Duplicado""; ""Único"")",Raiz > Secretarias > Servidor ganha plano de saúde de presente,Oculta,-,Secretaria da Pessoa com Deficiência > Secretarias > Servidor ganha plano de saúde de presente,,-,Página com Formulário,-,Página de Widget,-,-,-,1 Coluna
https://www.sepd.df.gov.br/w/servidor-publico-tambem-tem-direito-a-moradia,,Manual,6,4,"=SE(CONT.SE(A:A; A3) > 1; ""Duplicado""; ""Único"")",Raiz > Secretarias > Servidor público também tem direito à moradia,Oculta,-,Secretaria da Pessoa com Deficiência > Secretarias > Servidor público também tem direito à moradia,,-,Página com Formulário,-,Página de Widget,-,-,-,1 Coluna
https://www.sepd.df.gov.br/w/servidor-que-adquirir-deficiencia-ao-longo-da-vida-podera-informar-nova-condicao,,Manual,6,4,"=SE(CONT.SE(A:A; A3) > 1; ""Duplicado""; ""Único"")",Raiz > Secretarias > Servidor que adquirir deficiência ao longo da vida poderá informar nova condição,Oculta,-,Secretaria da Pessoa com Deficiência > Secretarias > Servidor que adquirir deficiência ao longo da vida poderá informar nova condição,,-,Página com Formulário,-,Página de Widget,-,-,-,1 Coluna
https://www.sepd.df.gov.br/w/servidoras-da-secretaria-da-pessoa-com-deficiencia-recebem-homenagem,,Manual,6,4,"=SE(CONT.SE(A:A; A3) > 1; ""Duplicado""; ""Único"")",Raiz > Secretarias > Servidoras da Secretaria da Pessoa com Deficiência recebem homenagem,Oculta,-,Secretaria da Pessoa com Deficiência > Secretarias > Servidoras da Secretaria da Pessoa com Deficiência recebem homenagem,,-,Página com Formulário,-,Página de Widget,-,-,-,1 Coluna
https://www.sepd.df.gov.br/w/servidores,,Manual,5,4,"=SE(CONT.SE(A:A; A3) > 1; ""Duplicado""; ""Único"")",Raiz > Secretarias > Servidores,Oculta,-,Secretaria da Pessoa com Deficiência > Secretarias > Servidores,,-,Página com Formulário,-,Página de Widget,-,-,-,1 Coluna
https://www.sepd.df.gov.br/w/servidores-da-codhab-recebem-orientacoes-sobre-atendimento-humanizado-as-pessoas-com-deficiencia,,Manual,6,4,"=SE(CONT.SE(A:A; A3) > 1; ""Duplicado""; ""Único"")",Raiz > Secretarias > Servidores da Codhab recebem orientações sobre atendimento humanizado às pessoas com deficiência,Oculta,-,Secretaria da Pessoa com Deficiência > Secretarias > Servidores da Codhab recebem orientações sobre atendimento humanizado às pessoas com deficiência,,-,Página com Formulário,-,Página de Widget,-,-,-,1 Coluna
https://www.sepd.df.gov.br/w/servidores-da-ra-de-brazlandia-recebem-orientacoes-sobre-atendimento-as-pessoas-com-deficiencia,,Manual,6,4,"=SE(CONT.SE(A:A; A3) > 1; ""Duplicado""; ""Único"")",Raiz > Secretarias > Servidores da RA de Brazlândia recebem orientações sobre atendimento às Pessoas com Deficiência,Oculta,-,Secretaria da Pessoa com Deficiência > Secretarias > Servidores da RA de Brazlândia recebem orientações sobre atendimento às Pessoas com Deficiência,,-,Página com Formulário,-,Página de Widget,-,-,-,1 Coluna
https://www.sepd.df.gov.br/w/servidores-do-procon-recebem-orientacoes-sobre-atendimento-humanizado-as-pessoas-com-deficiencia,,Manual,6,4,"=SE(CONT.SE(A:A; A3) > 1; ""Duplicado""; ""Único"")",Raiz > Secretarias > Servidores do Procon recebem orientações sobre atendimento humanizado às pessoas com deficiência,Oculta,-,Secretaria da Pessoa com Deficiência > Secretarias > Servidores do Procon recebem orientações sobre atendimento humanizado às pessoas com deficiência,,-,Página com Formulário,-,Página de Widget,-,-,-,1 Coluna
https://www.sepd.df.gov.br/w/servico-de-informacao-ao-cidadao-sic,,Manual,5,6,"=SE(CONT.SE(A:A; A3) > 1; ""Duplicado""; ""Único"")",Raiz > Secretarias > Serviço de Informação ao Cidadão – SIC,Oculta,-,Secretaria da Pessoa com Deficiência > Secretarias > Serviço de Informação ao Cidadão – SIC,,-,Página com Formulário,-,Página de Widget,-,-,-,1 Coluna
https://www.sepd.df.gov.br/w/servico-de-informacoes-ao-cidadao-sic,,Manual,5,4,"=SE(CONT.SE(A:A; A3) > 1; ""Duplicado""; ""Único"")",Raiz > Secretarias > Serviço de Informações ao Cidadão – SIC,Oculta,-,Secretaria da Pessoa com Deficiência > Secretarias > Serviço de Informações ao Cidadão – SIC,,-,Página com Formulário,-,Página de Widget,-,-,-,1 Coluna
https://www.sepd.df.gov.br/w/simposio-capacita-professores-para-atender-alunos-com-deficiencia,,Manual,6,4,"=SE(CONT.SE(A:A; A3) > 1; ""Duplicado""; ""Único"")",Raiz > Secretarias > Simpósio capacita professores para atender alunos com deficiência,Oculta,-,Secretaria da Pessoa com Deficiência > Secretarias > Simpósio capacita professores para atender alunos com deficiência,,-,Página com Formulário,-,Página de Widget,-,-,-,1 Coluna
https://www.sepd.df.gov.br/w/sites-do-gdf-oferecem-opcoes-de-acessibilidade-para-surdos,,Manual,6,4,"=SE(CONT.SE(A:A; A3) > 1; ""Duplicado""; ""Único"")",Raiz > Secretarias > Sites do GDF oferecem opções de acessibilidade para surdos,Oculta,-,Secretaria da Pessoa com Deficiência > Secretarias > Sites do GDF oferecem opções de acessibilidade para surdos,,-,Página com Formulário,-,Página de Widget,-,-,-,1 Coluna
https://www.sepd.df.gov.br/w/sobre-acoes-e-programas-1,,Manual,5,4,"=SE(CONT.SE(A:A; A3) > 1; ""Duplicado""; ""Único"")",Raiz > Secretarias > Sobre Ações e Programas,Oculta,-,Secretaria da Pessoa com Deficiência > Secretarias > Sobre Ações e Programas,,-,Página com Formulário,-,Página de Widget,-,-,-,1 Coluna
https://www.sepd.df.gov.br/w/sobre-a-secretaria,,Manual,5,4,"=SE(CONT.SE(A:A; A3) > 1; ""Duplicado""; ""Único"")",Raiz > Secretarias > Sobre a Secretaria,Oculta,-,Secretaria da Pessoa com Deficiência > Secretarias > Sobre a Secretaria,,-,Página com Formulário,-,Página de Widget,-,-,-,1 Coluna
https://www.sepd.df.gov.br/w/tse-promove-pesquisa-para-melhorar-acessibilidade-em-paginas-oficiais,,Manual,6,4,"=SE(CONT.SE(A:A; A3) > 1; ""Duplicado""; ""Único"")",Raiz > Secretarias > TSE promove pesquisa para melhorar acessibilidade em páginas oficiais,Oculta,-,Secretaria da Pessoa com Deficiência > Secretarias > TSE promove pesquisa para melhorar acessibilidade em páginas oficiais,,-,Página com Formulário,-,Página de Widget,-,-,-,1 Coluna
https://www.sepd.df.gov.br/w/times-do-df-participam-de-campeonato-brasiliense-de-futebol-society-para-surdos,,Manual,6,4,"=SE(CONT.SE(A:A; A3) > 1; ""Duplicado""; ""Único"")",Raiz > Secretarias > Times do DF participam de Campeonato Brasiliense de Futebol Society para surdos,Oculta,-,Secretaria da Pessoa com Deficiência > Secretarias > Times do DF participam de Campeonato Brasiliense de Futebol Society para surdos,,-,Página com Formulário,-,Página de Widget,-,-,-,1 Coluna
https://www.sepd.df.gov.br/w/transparencia,,Manual,5,4,"=SE(CONT.SE(A:A; A3) > 1; ""Duplicado""; ""Único"")",Raiz > Secretarias > Transparência,Oculta,-,Secretaria da Pessoa com Deficiência > Secretarias > Transparência,,-,Página com Formulário,-,Página de Widget,-,-,-,1 Coluna
https://www.sepd.df.gov.br/w/tres-centros-olimpicos-e-paralimpicos-abrem-matriculas-nos-proximos-dias,,Manual,6,4,"=SE(CONT.SE(A:A; A3) > 1; ""Duplicado""; ""Único"")",Raiz > Secretarias > Três Centros Olímpicos e Paralímpicos abrem matrículas nos próximos dias,Oculta,-,Secretaria da Pessoa com Deficiência > Secretarias > Três Centros Olímpicos e Paralímpicos abrem matrículas nos próximos dias,,-,Página com Formulário,-,Página de Widget,-,-,-,1 Coluna
https://www.sepd.df.gov.br/w/tutorial-de-orientacao-cadastramento-no-cad-pcd-do-df,,Manual,6,5,"=SE(CONT.SE(A:A; A3) > 1; ""Duplicado""; ""Único"")",Raiz > Secretarias > Tutorial de Orientação Cadastramento no “Cad PcD do DF”,Oculta,-,Secretaria da Pessoa com Deficiência > Secretarias > Tutorial de Orientação Cadastramento no “Cad PcD do DF”,,-,Página com Formulário,-,Página de Widget,-,-,-,1 Coluna
https://www.sepd.df.gov.br/w/ubs-7-e-hospital-regional-do-gama-recebem-qr-codes-do-df-libras,,Manual,5,4,"=SE(CONT.SE(A:A; A3) > 1; ""Duplicado""; ""Único"")",Raiz > Secretarias > UBS 7 e Hospital Regional do Gama recebem QR Codes do DF Libras,Oculta,-,Secretaria da Pessoa com Deficiência > Secretarias > UBS 7 e Hospital Regional do Gama recebem QR Codes do DF Libras,,-,Página com Formulário,-,Página de Widget,-,-,-,1 Coluna
https://www.sepd.df.gov.br/w/ubs-7-e-hospital-regional-do-gama-recebem-qr-codes-do-df-libras-1,,Manual,6,4,"=SE(CONT.SE(A:A; A3) > 1; ""Duplicado""; ""Único"")",Raiz > Secretarias > UBS 7 e Hospital Regional do Gama recebem QR Codes do DF Libras,Oculta,-,Secretaria da Pessoa com Deficiência > Secretarias > UBS 7 e Hospital Regional do Gama recebem QR Codes do DF Libras,,-,Página com Formulário,-,Página de Widget,-,-,-,1 Coluna
https://www.sepd.df.gov.br/w/unidades-hospitalares-serao-instaladas-no-df-para-enfrentamento-da-covid-19,,Manual,6,4,"=SE(CONT.SE(A:A; A3) > 1; ""Duplicado""; ""Único"")",Raiz > Secretarias > Unidades hospitalares serão instaladas no DF para enfrentamento da Covid-19,Oculta,-,Secretaria da Pessoa com Deficiência > Secretarias > Unidades hospitalares serão instaladas no DF para enfrentamento da Covid-19,,-,Página com Formulário,-,Página de Widget,-,-,-,1 Coluna
https://www.sepd.df.gov.br/w/vacinacao-comorbidades-entenda-as-etapas-e-quem-pode-se-cadastrar,,Manual,6,4,"=SE(CONT.SE(A:A; A3) > 1; ""Duplicado""; ""Único"")",Raiz > Secretarias > Vacinação comorbidades: entenda as etapas e quem pode se cadastrar,Oculta,-,Secretaria da Pessoa com Deficiência > Secretarias > Vacinação comorbidades: entenda as etapas e quem pode se cadastrar,,-,Página com Formulário,-,Página de Widget,-,-,-,1 Coluna
https://www.sepd.df.gov.br/w/vacinacao-de-65-e-64-anos-comeca-no-fim-de-semana,,Manual,6,4,"=SE(CONT.SE(A:A; A3) > 1; ""Duplicado""; ""Único"")",Raiz > Secretarias > Vacinação de 65 e 64 anos começa no fim de semana,Oculta,-,Secretaria da Pessoa com Deficiência > Secretarias > Vacinação de 65 e 64 anos começa no fim de semana,,-,Página com Formulário,-,Página de Widget,-,-,-,1 Coluna
https://www.sepd.df.gov.br/w/vacinacao-de-gestantes-e-puerperas-com-comorbidades-segue-suspensa,,Manual,6,4,"=SE(CONT.SE(A:A; A3) > 1; ""Duplicado""; ""Único"")",Raiz > Secretarias > Vacinação de gestantes e puérperas com comorbidades segue suspensa,Oculta,-,Secretaria da Pessoa com Deficiência > Secretarias > Vacinação de gestantes e puérperas com comorbidades segue suspensa,,-,Página com Formulário,-,Página de Widget,-,-,-,1 Coluna
https://www.sepd.df.gov.br/w/vacinacao-de-idosos-de-69-a-71-anos-comeca-hoje-no-df,,Manual,6,4,"=SE(CONT.SE(A:A; A3) > 1; ""Duplicado""; ""Único"")",Raiz > Secretarias > Vacinação de idosos de 69 a 71 anos começa hoje no DF,Oculta,-,Secretaria da Pessoa com Deficiência > Secretarias > Vacinação de idosos de 69 a 71 anos começa hoje no DF,,-,Página com Formulário,-,Página de Widget,-,-,-,1 Coluna
https://www.sepd.df.gov.br/w/vacinacao-de-pessoas-acima-de-18-anos-comeca-nesta-terca-feira-17,,Manual,6,4,"=SE(CONT.SE(A:A; A3) > 1; ""Duplicado""; ""Único"")",Raiz > Secretarias > Vacinação de pessoas acima de 18 anos começa nesta terça-feira (17),Oculta,-,Secretaria da Pessoa com Deficiência > Secretarias > Vacinação de pessoas acima de 18 anos começa nesta terça-feira (17),,-,Página com Formulário,-,Página de Widget,-,-,-,1 Coluna
https://www.sepd.df.gov.br/w/vacinacao-para-beneficiarios-do-bpc,,Manual,6,4,"=SE(CONT.SE(A:A; A3) > 1; ""Duplicado""; ""Único"")",Raiz > Secretarias > Vacinação para beneficiários do BPC,Oculta,-,Secretaria da Pessoa com Deficiência > Secretarias > Vacinação para beneficiários do BPC,,-,Página com Formulário,-,Página de Widget,-,-,-,1 Coluna
https://www.sepd.df.gov.br/w/vacinacao-para-quem-tem-62-e-63-anos-comeca-as-13h-desta-sexta-feira-23,,Manual,6,4,"=SE(CONT.SE(A:A; A3) > 1; ""Duplicado""; ""Único"")",Raiz > Secretarias > Vacinação para quem tem 62 e 63 anos começa às 13h desta sexta-feira (23),Oculta,-,Secretaria da Pessoa com Deficiência > Secretarias > Vacinação para quem tem 62 e 63 anos começa às 13h desta sexta-feira (23),,-,Página com Formulário,-,Página de Widget,-,-,-,1 Coluna
https://www.sepd.df.gov.br/w/vacinacao-para-quem-tem-74-anos-comeca-nesta-quinta-feira-11,,Manual,6,4,"=SE(CONT.SE(A:A; A3) > 1; ""Duplicado""; ""Único"")",Raiz > Secretarias > Vacinação para quem tem 74 anos começa nesta quinta-feira (11),Oculta,-,Secretaria da Pessoa com Deficiência > Secretarias > Vacinação para quem tem 74 anos começa nesta quinta-feira (11),,-,Página com Formulário,-,Página de Widget,-,-,-,1 Coluna
https://www.sepd.df.gov.br/w/vagas-de-estagio-no-tjdft-para-estudantes-com-deficiencia,,Manual,6,4,"=SE(CONT.SE(A:A; A3) > 1; ""Duplicado""; ""Único"")",Raiz > Secretarias > Vagas de estágio no TJDFT para estudantes com deficiência,Oculta,-,Secretaria da Pessoa com Deficiência > Secretarias > Vagas de estágio no TJDFT para estudantes com deficiência,,-,Página com Formulário,-,Página de Widget,-,-,-,1 Coluna
https://www.sepd.df.gov.br/w/vagas-exclusivas-nesta-6-para-pessoas-com-deficiencia,,Manual,6,5,"=SE(CONT.SE(A:A; A3) > 1; ""Duplicado""; ""Único"")",Raiz > Secretarias > Vagas exclusivas nesta 6ª para pessoas com deficiência,Oculta,-,Secretaria da Pessoa com Deficiência > Secretarias > Vagas exclusivas nesta 6ª para pessoas com deficiência,,-,Página com Formulário,-,Página de Widget,-,-,-,1 Coluna
https://www.sepd.df.gov.br/w/veja-onde-se-vacinar-contra-a-gripe-no-df,,Manual,6,4,"=SE(CONT.SE(A:A; A3) > 1; ""Duplicado""; ""Único"")",Raiz > Secretarias > Veja onde se vacinar contra a gripe no DF,Oculta,-,Secretaria da Pessoa com Deficiência > Secretarias > Veja onde se vacinar contra a gripe no DF,,-,Página com Formulário,-,Página de Widget,-,-,-,1 Coluna
https://www.sepd.df.gov.br/w/vem-brincar-comigo-faz-alegria-da-criancada,,Manual,6,4,"=SE(CONT.SE(A:A; A3) > 1; ""Duplicado""; ""Único"")",Raiz > Secretarias > Vem Brincar Comigo faz alegria da criançada,Oculta,-,Secretaria da Pessoa com Deficiência > Secretarias > Vem Brincar Comigo faz alegria da criançada,,-,Página com Formulário,-,Página de Widget,-,-,-,1 Coluna
https://www.sepd.df.gov.br/w/vem-ai-a-segunda-edicao-do-projeto-surdo-cinema,,Manual,6,4,"=SE(CONT.SE(A:A; A3) > 1; ""Duplicado""; ""Único"")",Raiz > Secretarias > Vem aí a segunda edição do projeto Surdo Cinema,Oculta,-,Secretaria da Pessoa com Deficiência > Secretarias > Vem aí a segunda edição do projeto Surdo Cinema,,-,Página com Formulário,-,Página de Widget,-,-,-,1 Coluna
https://www.sepd.df.gov.br/w/vem-ai-o-circuito-candango-de-volei-de-praia-de-surdos,,Manual,6,4,"=SE(CONT.SE(A:A; A3) > 1; ""Duplicado""; ""Único"")",Raiz > Secretarias > Vem aí o Circuito Candango de Vôlei de Praia de Surdos,Oculta,-,Secretaria da Pessoa com Deficiência > Secretarias > Vem aí o Circuito Candango de Vôlei de Praia de Surdos,,-,Página com Formulário,-,Página de Widget,-,-,-,1 Coluna
https://www.sepd.df.gov.br/w/venham-participar-do-webinario-cidadania-e-autonomia-da-pessoa-com-deficiencia-promovido-pela-secretaria-da-pessoa-com-defic,,Manual,6,4,"=SE(CONT.SE(A:A; A3) > 1; ""Duplicado""; ""Único"")","Raiz > Secretarias > Venham participar do Webinário "" Cidadania e Autonomia da Pessoa com Deficiência”, promovido pela Secretaria da Pessoa com Defic...",Oculta,-,"Secretaria da Pessoa com Deficiência > Secretarias > Venham participar do Webinário "" Cidadania e Autonomia da Pessoa com Deficiência”, promovido pela Secretaria da Pessoa com Defic...",,-,Página com Formulário,-,Página de Widget,-,-,-,1 Coluna
https://www.sepd.df.gov.br/w/video,,Manual,5,4,"=SE(CONT.SE(A:A; A3) > 1; ""Duplicado""; ""Único"")",Raiz > Secretarias > Vídeo,Oculta,-,Secretaria da Pessoa com Deficiência > Secretarias > Vídeo,,-,Página com Formulário,-,Página de Widget,-,-,-,1 Coluna
https://www.sepd.df.gov.br/w/yellow-day-conscientiza-sobre-a-doenca-lipomielomeningocele,,Manual,6,4,"=SE(CONT.SE(A:A; A3) > 1; ""Duplicado""; ""Único"")",Raiz > Secretarias > Yellow Day conscientiza sobre a doença lipomielomeningocele,Oculta,-,Secretaria da Pessoa com Deficiência > Secretarias > Yellow Day conscientiza sobre a doença lipomielomeningocele,,-,Página com Formulário,-,Página de Widget,-,-,-,1 Coluna
https://www.sepd.df.gov.br/w/texto-lei-acesso-informacao,,Manual,5,4,"=SE(CONT.SE(A:A; A3) > 1; ""Duplicado""; ""Único"")",Raiz > Secretarias > texto_lei_acesso_informacao,Oculta,-,Secretaria da Pessoa com Deficiência > Secretarias > texto_lei_acesso_informacao,,-,Página com Formulário,-,Página de Widget,-,-,-,1 Coluna
https://www.sepd.df.gov.br/w/texto_lei_acesso_informacao,,Manual,6,4,"=SE(CONT.SE(A:A; A3) > 1; ""Duplicado""; ""Único"")",Raiz > Secretarias > texto_lei_acesso_informacao,Oculta,-,Secretaria da Pessoa com Deficiência > Secretarias > texto_lei_acesso_informacao,,-,Página com Formulário,-,Página de Widget,-,-,-,1 Coluna
https://www.sepd.df.gov.br/w/e-fake-mensagem-que-circula-sobre-distribuicao-de-cadeiras-de-rodas-pela-secretaria-de-saude,,Manual,6,4,"=SE(CONT.SE(A:A; A3) > 1; ""Duplicado""; ""Único"")",Raiz > Secretarias > É fake mensagem que circula sobre distribuição de cadeiras de rodas pela Secretaria de Saúde,Oculta,-,Secretaria da Pessoa com Deficiência > Secretarias > É fake mensagem que circula sobre distribuição de cadeiras de rodas pela Secretaria de Saúde,,-,Página com Formulário,-,Página de Widget,-,-,-,1 Coluna
https://www.sepd.df.gov.br/w/orteses-e-proteses-agendar-avaliacao,,Manual,5,4,"=SE(CONT.SE(A:A; A3) > 1; ""Duplicado""; ""Único"")",Raiz > Secretarias > Órteses e Próteses – Agendar avaliação,Oculta,-,Secretaria da Pessoa com Deficiência > Secretarias > Órteses e Próteses – Agendar avaliação,,-,Página com Formulário,-,Página de Widget,-,-,-,1 Coluna
https://www.sepd.df.gov.br/w/onibus-terao-embarque-prioritario-em-todos-os-terminais,,Manual,6,4,"=SE(CONT.SE(A:A; A3) > 1; ""Duplicado""; ""Único"")",Raiz > Secretarias > Ônibus terão embarque prioritário em todos os terminais,Oculta,-,Secretaria da Pessoa com Deficiência > Secretarias > Ônibus terão embarque prioritário em todos os terminais,,-,Página com Formulário,-,Página de Widget,-,-,-,1 Coluna
https://www.sepd.df.gov.br/w/cadastro-orteses-e-proteses,,Manual,6,4,"=SE(CONT.SE(A:A; A3) > 1; ""Duplicado""; ""Único"")",Raiz > Secretarias > – Cadastro Órteses e Próteses,Oculta,-,Secretaria da Pessoa com Deficiência > Secretarias > – Cadastro Órteses e Próteses,,-,Página com Formulário,-,Página de Widget,-,-,-,1 Coluna
https://www.sepd.df.gov.br/w/doencas-oportunistas-todo-cuidado-e-pouco-em-tempo-de-frio-e-seca,,Manual,6,4,"=SE(CONT.SE(A:A; A3) > 1; ""Duplicado""; ""Único"")",Raiz > Secretarias > ‘Doenças oportunistas’: todo cuidado é pouco em tempo de frio e seca,Oculta,-,Secretaria da Pessoa com Deficiência > Secretarias > ‘Doenças oportunistas’: todo cuidado é pouco em tempo de frio e seca,,-,Página com Formulário,-,Página de Widget,-,-,-,1 Coluna
https://www.sepd.df.gov.br/w/o-emprego-gera-autonomia-independencia-e-inclusao,,Manual,6,4,"=SE(CONT.SE(A:A; A3) > 1; ""Duplicado""; ""Único"")","Raiz > Secretarias > ‘O emprego gera autonomia, independência e inclusão’",Oculta,-,"Secretaria da Pessoa com Deficiência > Secretarias > ‘O emprego gera autonomia, independência e inclusão’",,-,Página com Formulário,-,Página de Widget,-,-,-,1 Coluna
https://www.sepd.df.gov.br/w/ao-inves-de-segregar-nossa-sociedade-precisa-incluir-diz-secretario-flavio-santos,,Manual,6,4,"=SE(CONT.SE(A:A; A3) > 1; ""Duplicado""; ""Único"")","Raiz > Secretarias > “Ao invés de segregar, nossa sociedade precisa incluir”, diz secretário Flávio Santos",Oculta,-,"Secretaria da Pessoa com Deficiência > Secretarias > “Ao invés de segregar, nossa sociedade precisa incluir”, diz secretário Flávio Santos",,-,Página com Formulário,-,Página de Widget,-,-,-,1 Coluna
https://www.sepd.df.gov.br/w/live-sepd-apresenta-politicas-publicas-para-pessoas-com-deficiencia-no-df,,Manual,6,4,"=SE(CONT.SE(A:A; A3) > 1; ""Duplicado""; ""Único"")",Raiz > Secretarias > “Live SEPD” apresenta políticas públicas para pessoas com deficiência no DF,Oculta,-,Secretaria da Pessoa com Deficiência > Secretarias > “Live SEPD” apresenta políticas públicas para pessoas com deficiência no DF,,-,Página com Formulário,-,Página de Widget,-,-,-,1 Coluna
https://www.sepd.df.gov.br/w/e-um-momento-que-a-gente-tem-que-estar-muito-unido-pra-nao-retroceder-diz-secretaria-rosinha-da-adefal,,Manual,6,4,"=SE(CONT.SE(A:A; A3) > 1; ""Duplicado""; ""Único"")","Raiz > Secretarias > “É um momento que a gente tem que estar muito unido pra não retroceder”, diz secretária Rosinha da Adefal",Oculta,-,"Secretaria da Pessoa com Deficiência > Secretarias > “É um momento que a gente tem que estar muito unido pra não retroceder”, diz secretária Rosinha da Adefal",,-,Página com Formulário,-,Página de Widget,-,-,-,1 Coluna
https://www.sepd.df.gov.br/acordo-com-o-mp-do-trabalho-garante-emprego-para-pessoas-com-deficiencia,,Manual,6,4,"=SE(CONT.SE(A:A; A3) > 1; ""Duplicado""; ""Único"")",Raiz > Secretarias > Acesso A Informação > Acordo Com O Mp do Trabalho Garante Emprego Para Pessoas Com Deficiência,Oculta,-,Secretaria da Pessoa com Deficiência > Secretarias > Acesso A Informação > Acordo Com O Mp do Trabalho Garante Emprego Para Pessoas Com Deficiência,,-,Página com Formulário,-,Página de Widget,-,-,-,1 Coluna
https://www.sepd.df.gov.br/auditorias,,Manual,6,4,"=SE(CONT.SE(A:A; A3) > 1; ""Duplicado""; ""Único"")",Raiz > Secretarias > Acesso A Informação > Auditorias,Oculta,-,Secretaria da Pessoa com Deficiência > Secretarias > Acesso A Informação > Auditorias,,-,Página com Formulário,-,Página de Widget,-,-,-,1 Coluna
https://www.sepd.df.gov.br/carreta-da-inclusao-projeto-itinerante-oferece-servicos-essenciais-e-experiencias-inclusivas-para-pessoas-com-deficiencia,,Manual,6,4,"=SE(CONT.SE(A:A; A3) > 1; ""Duplicado""; ""Único"")",Raiz > Secretarias > Acesso A Informação > Carreta da Inclusão: projeto itinerante oferece serviços essenciais e experiências inclusivas para pessoas com deficiência,Oculta,-,Secretaria da Pessoa com Deficiência > Secretarias > Acesso A Informação > Carreta da Inclusão: projeto itinerante oferece serviços essenciais e experiências inclusivas para pessoas com deficiência,,-,Página com Formulário,-,Página de Widget,-,-,-,1 Coluna
https://www.sepd.df.gov.br/conheca-a-lei,,Manual,6,4,"=SE(CONT.SE(A:A; A3) > 1; ""Duplicado""; ""Único"")",Raiz > Secretarias > Acesso A Informação > Conheça A Lei de Acesso À Informação,Oculta,-,Secretaria da Pessoa com Deficiência > Secretarias > Acesso A Informação > Conheça A Lei de Acesso À Informação,,-,Página com Formulário,-,Página de Widget,-,-,-,1 Coluna
https://www.sepd.df.gov.br/sobre-contratos,,Manual,6,5,"=SE(CONT.SE(A:A; A3) > 1; ""Duplicado""; ""Único"")",Raiz > Secretarias > Acesso A Informação > Contratos,Oculta,-,Secretaria da Pessoa com Deficiência > Secretarias > Acesso A Informação > Contratos,,-,Página com Formulário,-,Página de Widget,-,-,-,1 Coluna
https://www.sepd.df.gov.br/convenios,,Manual,6,4,"=SE(CONT.SE(A:A; A3) > 1; ""Duplicado""; ""Único"")",Raiz > Secretarias > Acesso A Informação > Convênios,Oculta,-,Secretaria da Pessoa com Deficiência > Secretarias > Acesso A Informação > Convênios,,-,Página com Formulário,-,Página de Widget,-,-,-,1 Coluna
https://www.sepd.df.gov.br/df-acessivel-garante-transporte-gratuito-a-pessoas-com-deficiencias-severas,,Manual,6,4,"=SE(CONT.SE(A:A; A3) > 1; ""Duplicado""; ""Único"")",Raiz > Secretarias > Acesso A Informação > DF Acessível Garante Transporte Gratuito A Pessoas Com Deficiências Severas,Oculta,-,Secretaria da Pessoa com Deficiência > Secretarias > Acesso A Informação > DF Acessível Garante Transporte Gratuito A Pessoas Com Deficiências Severas,,-,Página com Formulário,-,Página de Widget,-,-,-,1 Coluna
https://www.sepd.df.gov.br/df-institui-5-de-setembro-como-dia-da-cultura-surda,,Manual,6,5,"=SE(CONT.SE(A:A; A3) > 1; ""Duplicado""; ""Único"")",Raiz > Secretarias > Acesso A Informação > DF Institui 5 de Setembro Como Dia da Cultura Surda,Oculta,-,Secretaria da Pessoa com Deficiência > Secretarias > Acesso A Informação > DF Institui 5 de Setembro Como Dia da Cultura Surda,,-,Página com Formulário,-,Página de Widget,-,-,-,1 Coluna
https://www.sepd.df.gov.br/sobre-despesas,,Manual,10,4,"=SE(CONT.SE(A:A; A3) > 1; ""Duplicado""; ""Único"")",Raiz > Secretarias > Acesso A Informação > Despesas,Oculta,-,Secretaria da Pessoa com Deficiência > Secretarias > Acesso A Informação > Despesas,,-,Página com Colapsável,-,Página de Widget,-,-,-,1 Coluna
https://www.sepd.df.gov.br/direitos-e-beneficios,,Manual,7,5,"=SE(CONT.SE(A:A; A3) > 1; ""Duplicado""; ""Único"")",Raiz > Secretarias > Acesso A Informação > Direitos e Benefícios,Oculta,-,Secretaria da Pessoa com Deficiência > Secretarias > Acesso A Informação > Direitos e Benefícios,,-,Página com Formulário,-,Página de Widget,-,-,-,1 Coluna
https://www.sepd.df.gov.br/direitos-e-beneficios-2,,Manual,6,5,"=SE(CONT.SE(A:A; A3) > 1; ""Duplicado""; ""Único"")",Raiz > Secretarias > Acesso A Informação > Direitos e Benefícios,Oculta,-,Secretaria da Pessoa com Deficiência > Secretarias > Acesso A Informação > Direitos e Benefícios,,-,Página com Formulário,-,Página de Widget,-,-,-,1 Coluna
https://www.sepd.df.gov.br/equiparado-valor-da-bolsa-atleta-de-esportistas-olimpicos-e-paralimpicos,,Manual,6,4,"=SE(CONT.SE(A:A; A3) > 1; ""Duplicado""; ""Único"")",Raiz > Secretarias > Acesso A Informação > Equiparado Valor da Bolsa Atleta de Esportistas Olímpicos e Paralímpicos,Oculta,-,Secretaria da Pessoa com Deficiência > Secretarias > Acesso A Informação > Equiparado Valor da Bolsa Atleta de Esportistas Olímpicos e Paralímpicos,,-,Página com Formulário,-,Página de Widget,-,-,-,1 Coluna
https://www.sepd.df.gov.br/gdf-entrega-250-documentos-de-identificacao-para-pessoas-com-deficiencia,,Manual,6,5,"=SE(CONT.SE(A:A; A3) > 1; ""Duplicado""; ""Único"")",Raiz > Secretarias > Acesso A Informação > GDF Entrega 250 Documentos de Identificação Para Pessoas Com Deficiência,Oculta,-,Secretaria da Pessoa com Deficiência > Secretarias > Acesso A Informação > GDF Entrega 250 Documentos de Identificação Para Pessoas Com Deficiência,,-,Página com Formulário,-,Página de Widget,-,-,-,1 Coluna
https://www.sepd.df.gov.br/informacoes-classificadas,,Manual,6,5,"=SE(CONT.SE(A:A; A3) > 1; ""Duplicado""; ""Único"")",Raiz > Secretarias > Acesso A Informação > Informações Classificadas,Oculta,-,Secretaria da Pessoa com Deficiência > Secretarias > Acesso A Informação > Informações Classificadas,,-,Página com Formulário,-,Página de Widget,-,-,-,1 Coluna
https://www.sepd.df.gov.br/institucional,,Manual,12,12,"=SE(CONT.SE(A:A; A3) > 1; ""Duplicado""; ""Único"")",Raiz > Secretarias > Acesso A Informação > Institucional,Oculta,-,Secretaria da Pessoa com Deficiência > Secretarias > Acesso A Informação > Institucional,,-,Página com Colapsável,-,Página de Widget,-,-,-,1 Coluna
https://www.sepd.df.gov.br/sobre-licitacoes,,Manual,6,4,"=SE(CONT.SE(A:A; A3) > 1; ""Duplicado""; ""Único"")",Raiz > Secretarias > Acesso A Informação > Licitações,Oculta,-,Secretaria da Pessoa com Deficiência > Secretarias > Acesso A Informação > Licitações,,-,Página com Formulário,-,Página de Widget,-,-,-,1 Coluna
https://www.sepd.df.gov.br/nova-ferramenta-garante-atendimento-virtual-em-libras-em-tempo-integral,,Manual,6,4,"=SE(CONT.SE(A:A; A3) > 1; ""Duplicado""; ""Único"")",Raiz > Secretarias > Acesso A Informação > Nova Ferramenta Garante Atendimento Virtual em Libras em Tempo Integral,Oculta,-,Secretaria da Pessoa com Deficiência > Secretarias > Acesso A Informação > Nova Ferramenta Garante Atendimento Virtual em Libras em Tempo Integral,,-,Página com Formulário,-,Página de Widget,-,-,-,1 Coluna
https://www.sepd.df.gov.br/novos-membros-do-conselho-de-defesa-dos-direitos-da-pessoa-com-deficiencia-tomam-posse,,Manual,6,4,"=SE(CONT.SE(A:A; A3) > 1; ""Duplicado""; ""Único"")",Raiz > Secretarias > Acesso A Informação > Novos Membros do Conselho de Defesa dos Direitos da Pessoa Com Deficiência Tomam Posse,Oculta,-,Secretaria da Pessoa com Deficiência > Secretarias > Acesso A Informação > Novos Membros do Conselho de Defesa dos Direitos da Pessoa Com Deficiência Tomam Posse,,-,Página com Formulário,-,Página de Widget,-,-,-,1 Coluna
https://www.sepd.df.gov.br/perguntas-frequentes-da-lai,,Manual,6,4,"=SE(CONT.SE(A:A; A3) > 1; ""Duplicado""; ""Único"")",Raiz > Secretarias > Acesso A Informação > Perguntas Frequentes da Lai,Oculta,-,Secretaria da Pessoa com Deficiência > Secretarias > Acesso A Informação > Perguntas Frequentes da Lai,,-,Página com Formulário,-,Página de Widget,-,-,-,1 Coluna
https://www.sepd.df.gov.br/perguntas-frequentes-da-sepd-df,,Manual,6,4,"=SE(CONT.SE(A:A; A3) > 1; ""Duplicado""; ""Único"")",Raiz > Secretarias > Acesso A Informação > Perguntas Frequentes da Sepd/df,Oculta,-,Secretaria da Pessoa com Deficiência > Secretarias > Acesso A Informação > Perguntas Frequentes da Sepd/df,,-,Página com Formulário,-,Página de Widget,-,-,-,1 Coluna
https://www.sepd.df.gov.br/pessoa-com-deficiencia-parcerias-fortalecidas-para-melhorar-atendimento,,Manual,6,4,"=SE(CONT.SE(A:A; A3) > 1; ""Duplicado""; ""Único"")",Raiz > Secretarias > Acesso A Informação > Pessoa Com Deficiência: Parcerias Fortalecidas Para Melhorar Atendimento,Oculta,-,Secretaria da Pessoa com Deficiência > Secretarias > Acesso A Informação > Pessoa Com Deficiência: Parcerias Fortalecidas Para Melhorar Atendimento,,-,Página com Formulário,-,Página de Widget,-,-,-,1 Coluna
https://www.sepd.df.gov.br/pessoas-com-deficiencia-comemoram-conquistas-nas-politicas-publicas-do-df,,Manual,6,4,"=SE(CONT.SE(A:A; A3) > 1; ""Duplicado""; ""Único"")",Raiz > Secretarias > Acesso A Informação > Pessoas Com Deficiência Comemoram Conquistas Nas Políticas Públicas do DF,Oculta,-,Secretaria da Pessoa com Deficiência > Secretarias > Acesso A Informação > Pessoas Com Deficiência Comemoram Conquistas Nas Políticas Públicas do DF,,-,Página com Formulário,-,Página de Widget,-,-,-,1 Coluna
https://www.sepd.df.gov.br/primeiro-atendimento-do-df-libras-ocorre-em-sobradinho,,Manual,6,4,"=SE(CONT.SE(A:A; A3) > 1; ""Duplicado""; ""Único"")",Raiz > Secretarias > Acesso A Informação > Primeiro Atendimento do DF Libras Ocorre em Sobradinho,Oculta,-,Secretaria da Pessoa com Deficiência > Secretarias > Acesso A Informação > Primeiro Atendimento do DF Libras Ocorre em Sobradinho,,-,Página com Formulário,-,Página de Widget,-,-,-,1 Coluna
https://www.sepd.df.gov.br/regulamentado-cordao-de-girassol-para-identificacao-de-deficiencias-ocultas,,Manual,6,5,"=SE(CONT.SE(A:A; A3) > 1; ""Duplicado""; ""Único"")",Raiz > Secretarias > Acesso A Informação > Regulamentado Cordão de Girassol Para Identificação de Deficiências Ocultas,Oculta,-,Secretaria da Pessoa com Deficiência > Secretarias > Acesso A Informação > Regulamentado Cordão de Girassol Para Identificação de Deficiências Ocultas,,-,Página com Formulário,-,Página de Widget,-,-,-,1 Coluna
https://www.sepd.df.gov.br/consulta-aos-servidores,,Manual,6,4,"=SE(CONT.SE(A:A; A3) > 1; ""Duplicado""; ""Único"")",Raiz > Secretarias > Acesso A Informação > Servidores,Oculta,-,Secretaria da Pessoa com Deficiência > Secretarias > Acesso A Informação > Servidores,,-,Página com Formulário,-,Página de Widget,-,-,-,1 Coluna
https://www.sepd.df.gov.br/servico-de-informacao-ao-cidadao-sic,,Manual,6,6,"=SE(CONT.SE(A:A; A3) > 1; ""Duplicado""; ""Único"")",Raiz > Secretarias > Acesso A Informação > Serviço de Informação Ao Cidadão – Sic,Oculta,-,Secretaria da Pessoa com Deficiência > Secretarias > Acesso A Informação > Serviço de Informação Ao Cidadão – Sic,,-,Página com Formulário,-,Página de Widget,-,-,-,1 Coluna
https://www.sepd.df.gov.br/sobre-acoes-e-programas,,Manual,9,7,"=SE(CONT.SE(A:A; A3) > 1; ""Duplicado""; ""Único"")",Raiz > Secretarias > Acesso A Informação > Sobre Ações e Programas,Oculta,-,Secretaria da Pessoa com Deficiência > Secretarias > Acesso A Informação > Sobre Ações e Programas,,-,Página com Colapsável,-,Página de Widget,-,-,-,1 Coluna
https://www.sepd.df.gov.br/ubs-7-e-hospital-regional-do-gama-recebem-qr-codes-do-df-libras,,Manual,6,4,"=SE(CONT.SE(A:A; A3) > 1; ""Duplicado""; ""Único"")",Raiz > Secretarias > Acesso A Informação > Ubs 7 e Hospital Regional do Gama Recebem Qr Codes do DF Libras,Oculta,-,Secretaria da Pessoa com Deficiência > Secretarias > Acesso A Informação > Ubs 7 e Hospital Regional do Gama Recebem Qr Codes do DF Libras,,-,Página com Formulário,-,Página de Widget,-,-,-,1 Coluna
https://www.sepd.df.gov.br/apresentacao-da-carta,,Manual,7,4,"=SE(CONT.SE(A:A; A3) > 1; ""Duplicado""; ""Único"")",Raiz > Secretarias > Carta de Serviços > Apresentação da Carta,Oculta,-,Secretaria da Pessoa com Deficiência > Secretarias > Carta de Serviços > Apresentação da Carta,,-,Página com Formulário,-,Página de Widget,-,-,-,1 Coluna
https://www.sepd.df.gov.br/atendimento-a-advogados-e-cidadaos,,Manual,7,4,"=SE(CONT.SE(A:A; A3) > 1; ""Duplicado""; ""Único"")",Raiz > Secretarias > Carta de Serviços > Atendimento A Advogados e Cidadãos,Oculta,-,Secretaria da Pessoa com Deficiência > Secretarias > Carta de Serviços > Atendimento A Advogados e Cidadãos,,-,Página com Formulário,-,Página de Widget,-,-,-,1 Coluna
https://www.sepd.df.gov.br/avalie-as-cartas-de-servicos-ao-cidadao,,Manual,7,4,"=SE(CONT.SE(A:A; A3) > 1; ""Duplicado""; ""Único"")",Raiz > Secretarias > Carta de Serviços > Avalie As Cartas de Serviços Ao Cidadão,Oculta,-,Secretaria da Pessoa com Deficiência > Secretarias > Carta de Serviços > Avalie As Cartas de Serviços Ao Cidadão,,-,Página com Formulário,-,Página de Widget,-,-,-,1 Coluna
https://www.sepd.df.gov.br/cadastro-ortese-e-proteses,,Manual,6,4,"=SE(CONT.SE(A:A; A3) > 1; ""Duplicado""; ""Único"")",Raiz > Secretarias > Carta de Serviços > Cadastro Órtese e Próteses,Oculta,-,Secretaria da Pessoa com Deficiência > Secretarias > Carta de Serviços > Cadastro Órtese e Próteses,,-,Página com Formulário,-,Página de Widget,-,-,-,1 Coluna
https://www.sepd.df.gov.br/21775-2,,Manual,6,5,"=SE(CONT.SE(A:A; A3) > 1; ""Duplicado""; ""Único"")",Raiz > Secretarias > Carta de Serviços > Cartilha Evento Acessível,Oculta,-,Secretaria da Pessoa com Deficiência > Secretarias > Carta de Serviços > Cartilha Evento Acessível,,-,Página com Formulário,-,Página de Widget,-,-,-,1 Coluna
https://www.sepd.df.gov.br/central-de-interpretacao-de-libras-cil-gdf,,Manual,6,4,"=SE(CONT.SE(A:A; A3) > 1; ""Duplicado""; ""Único"")",Raiz > Secretarias > Carta de Serviços > Central de Interpretação de Libras (cil) – GDF,Oculta,-,Secretaria da Pessoa com Deficiência > Secretarias > Carta de Serviços > Central de Interpretação de Libras (cil) – GDF,,-,Página com Formulário,-,Página de Widget,-,-,-,1 Coluna
https://www.sepd.df.gov.br/ortese-e-protese,,Manual,6,4,"=SE(CONT.SE(A:A; A3) > 1; ""Duplicado""; ""Único"")",Raiz > Secretarias > Carta de Serviços > Gerência de Órtese e Prótese,Oculta,-,Secretaria da Pessoa com Deficiência > Secretarias > Carta de Serviços > Gerência de Órtese e Prótese,,-,Página com Formulário,-,Página de Widget,-,-,-,1 Coluna
https://www.sepd.df.gov.br/imprima-aqui-a-carta-de-servicos,,Manual,7,8,"=SE(CONT.SE(A:A; A3) > 1; ""Duplicado""; ""Único"")",Raiz > Secretarias > Carta de Serviços > Imprima Aqui A Carta de Serviços,Oculta,-,Secretaria da Pessoa com Deficiência > Secretarias > Carta de Serviços > Imprima Aqui A Carta de Serviços,,-,Página com Formulário,-,Página de Widget,-,-,-,1 Coluna
https://www.sepd.df.gov.br/manual-da-empregabilidade,,Manual,6,4,"=SE(CONT.SE(A:A; A3) > 1; ""Duplicado""; ""Único"")",Raiz > Secretarias > Carta de Serviços > Manual da Empregabilidade,Oculta,-,Secretaria da Pessoa com Deficiência > Secretarias > Carta de Serviços > Manual da Empregabilidade,,-,Página com Formulário,-,Página de Widget,-,-,-,1 Coluna
https://www.sepd.df.gov.br/passe-livre-especial-brb-mobilidade-2,,Manual,6,4,"=SE(CONT.SE(A:A; A3) > 1; ""Duplicado""; ""Único"")",Raiz > Secretarias > Carta de Serviços > Passe Livre Especial (brb Mobilidade),Oculta,-,Secretaria da Pessoa com Deficiência > Secretarias > Carta de Serviços > Passe Livre Especial (brb Mobilidade),,-,Página com Formulário,-,Página de Widget,-,-,-,1 Coluna
https://www.sepd.df.gov.br/servico-de-informacoes-ao-cidadao-sic,,Manual,7,4,"=SE(CONT.SE(A:A; A3) > 1; ""Duplicado""; ""Único"")",Raiz > Secretarias > Carta de Serviços > Serviço de Informações Ao Cidadão – Sic,Oculta,-,Secretaria da Pessoa com Deficiência > Secretarias > Carta de Serviços > Serviço de Informações Ao Cidadão – Sic,,-,Página com Formulário,-,Página de Widget,-,-,-,1 Coluna
https://www.sepd.df.gov.br/central-de-intermediacao-em-libras-cil-gdf,,Manual,6,4,"=SE(CONT.SE(A:A; A3) > 1; ""Duplicado""; ""Único"")",Raiz > Secretarias > Central de Libras > Central de Intermediação em Libras – 112 Sul (Presencial),Oculta,-,Secretaria da Pessoa com Deficiência > Secretarias > Central de Libras > Central de Intermediação em Libras – 112 Sul (Presencial),,-,Página com Formulário,-,Página de Widget,-,-,-,1 Coluna
https://www.sepd.df.gov.br/centraldelibras,,Manual,6,4,"=SE(CONT.SE(A:A; A3) > 1; ""Duplicado""; ""Único"")",Raiz > Secretarias > Central de Libras > Central de Intermediação em Libras – 112 Sul (Presencial),Oculta,-,Secretaria da Pessoa com Deficiência > Secretarias > Central de Libras > Central de Intermediação em Libras – 112 Sul (Presencial),,-,Página com Formulário,-,Página de Widget,-,-,-,1 Coluna
https://www.sepd.df.gov.br/pt/central-de-intermediacao-em-libras-cil-gdf,,Manual,6,4,"=SE(CONT.SE(A:A; A3) > 1; ""Duplicado""; ""Único"")",Raiz > Secretarias > Central de Libras > Central de Intermediação em Libras – 112 Sul (Presencial),Oculta,-,Secretaria da Pessoa com Deficiência > Secretarias > Central de Libras > Central de Intermediação em Libras – 112 Sul (Presencial),,-,Página com Formulário,-,Página de Widget,-,-,-,1 Coluna
https://www.sepd.df.gov.br/pt/centraldelibras,,Manual,6,4,"=SE(CONT.SE(A:A; A3) > 1; ""Duplicado""; ""Único"")",Raiz > Secretarias > Central de Libras > Central de Intermediação em Libras – 112 Sul (Presencial),Oculta,-,Secretaria da Pessoa com Deficiência > Secretarias > Central de Libras > Central de Intermediação em Libras – 112 Sul (Presencial),,-,Página com Formulário,-,Página de Widget,-,-,-,1 Coluna
https://www.sepd.df.gov.br/central-de-interpretacao-de-libras-cil,,Manual,6,4,"=SE(CONT.SE(A:A; A3) > 1; ""Duplicado""; ""Único"")",Raiz > Secretarias > Central de Libras > Central de Interpretação de Libras (cil),Oculta,-,Secretaria da Pessoa com Deficiência > Secretarias > Central de Libras > Central de Interpretação de Libras (cil),,-,Página com Formulário,-,Página de Widget,-,-,-,1 Coluna
https://www.sepd.df.gov.br/companhia-de-desenvolvimento-habitacional-do-df-codhab,,Manual,6,4,"=SE(CONT.SE(A:A; A3) > 1; ""Duplicado""; ""Único"")",Raiz > Secretarias > Central de Libras > Companhia de Desenvolvimento Habitacional do DF (codhab),Oculta,-,Secretaria da Pessoa com Deficiência > Secretarias > Central de Libras > Companhia de Desenvolvimento Habitacional do DF (codhab),,-,Página com Formulário,-,Página de Widget,-,-,-,1 Coluna
https://www.sepd.df.gov.br/menu-sec/atas,,Manual,6,4,"=SE(CONT.SE(A:A; A3) > 1; ""Duplicado""; ""Único"")",Raiz > Secretarias > Coddede > Atas,Oculta,-,Secretaria da Pessoa com Deficiência > Secretarias > Coddede > Atas,,-,Página com Formulário,-,Página de Widget,-,-,-,1 Coluna
https://www.sepd.df.gov.br/pt/menu-sec/atas,,Manual,6,4,"=SE(CONT.SE(A:A; A3) > 1; ""Duplicado""; ""Único"")",Raiz > Secretarias > Coddede > Atas,Oculta,-,Secretaria da Pessoa com Deficiência > Secretarias > Coddede > Atas,,-,Página com Formulário,-,Página de Widget,-,-,-,1 Coluna
https://www.sepd.df.gov.br/atual-composicao,,Manual,6,4,"=SE(CONT.SE(A:A; A3) > 1; ""Duplicado""; ""Único"")",Raiz > Secretarias > Coddede > Atual Composição,Oculta,-,Secretaria da Pessoa com Deficiência > Secretarias > Coddede > Atual Composição,,-,Página com Formulário,-,Página de Widget,-,-,-,1 Coluna
https://www.sepd.df.gov.br/pt/atual-composicao,,Manual,6,4,"=SE(CONT.SE(A:A; A3) > 1; ""Duplicado""; ""Único"")",Raiz > Secretarias > Coddede > Atual Composição,Oculta,-,Secretaria da Pessoa com Deficiência > Secretarias > Coddede > Atual Composição,,-,Página com Formulário,-,Página de Widget,-,-,-,1 Coluna
https://www.sepd.df.gov.br/leidecriacao,,Manual,6,4,"=SE(CONT.SE(A:A; A3) > 1; ""Duplicado""; ""Único"")",Raiz > Secretarias > Coddede > Lei de Criação,Oculta,-,Secretaria da Pessoa com Deficiência > Secretarias > Coddede > Lei de Criação,,-,Página com Formulário,-,Página de Widget,-,-,-,1 Coluna
https://www.sepd.df.gov.br/menu-sec/lei-de-criacao,,Manual,6,4,"=SE(CONT.SE(A:A; A3) > 1; ""Duplicado""; ""Único"")",Raiz > Secretarias > Coddede > Lei de Criação,Oculta,-,Secretaria da Pessoa com Deficiência > Secretarias > Coddede > Lei de Criação,,-,Página com Formulário,-,Página de Widget,-,-,-,1 Coluna
https://www.sepd.df.gov.br/pt/leidecriacao,,Manual,6,4,"=SE(CONT.SE(A:A; A3) > 1; ""Duplicado""; ""Único"")",Raiz > Secretarias > Coddede > Lei de Criação,Oculta,-,Secretaria da Pessoa com Deficiência > Secretarias > Coddede > Lei de Criação,,-,Página com Formulário,-,Página de Widget,-,-,-,1 Coluna
https://www.sepd.df.gov.br/pt/menu-sec/lei-de-criacao,,Manual,6,4,"=SE(CONT.SE(A:A; A3) > 1; ""Duplicado""; ""Único"")",Raiz > Secretarias > Coddede > Lei de Criação,Oculta,-,Secretaria da Pessoa com Deficiência > Secretarias > Coddede > Lei de Criação,,-,Página com Formulário,-,Página de Widget,-,-,-,1 Coluna
https://www.sepd.df.gov.br/menu-sec/resolucoes,,Manual,6,4,"=SE(CONT.SE(A:A; A3) > 1; ""Duplicado""; ""Único"")",Raiz > Secretarias > Coddede > Resoluções,Oculta,-,Secretaria da Pessoa com Deficiência > Secretarias > Coddede > Resoluções,,-,Página com Formulário,-,Página de Widget,-,-,-,1 Coluna
https://www.sepd.df.gov.br/pt/menu-sec/resolucoes,,Manual,6,4,"=SE(CONT.SE(A:A; A3) > 1; ""Duplicado""; ""Único"")",Raiz > Secretarias > Coddede > Resoluções,Oculta,-,Secretaria da Pessoa com Deficiência > Secretarias > Coddede > Resoluções,,-,Página com Formulário,-,Página de Widget,-,-,-,1 Coluna
https://www.sepd.df.gov.br/assessoria-de-imprensa,,Manual,6,4,"=SE(CONT.SE(A:A; A3) > 1; ""Duplicado""; ""Único"")",Raiz > Secretarias > Comunicação > Assessoria de Imprensa,Oculta,-,Secretaria da Pessoa com Deficiência > Secretarias > Comunicação > Assessoria de Imprensa,,-,Página com Formulário,-,Página de Widget,-,-,-,1 Coluna
https://www.sepd.df.gov.br/pt/assessoria-de-imprensa,,Manual,6,4,"=SE(CONT.SE(A:A; A3) > 1; ""Duplicado""; ""Único"")",Raiz > Secretarias > Comunicação > Assessoria de Imprensa,Oculta,-,Secretaria da Pessoa com Deficiência > Secretarias > Comunicação > Assessoria de Imprensa,,-,Página com Formulário,-,Página de Widget,-,-,-,1 Coluna
https://www.sepd.df.gov.br/clipping-de-noticias,,Manual,6,4,"=SE(CONT.SE(A:A; A3) > 1; ""Duplicado""; ""Único"")",Raiz > Secretarias > Comunicação > Clipping de Notícias,Oculta,-,Secretaria da Pessoa com Deficiência > Secretarias > Comunicação > Clipping de Notícias,,-,Página com Formulário,-,Página de Widget,-,-,-,1 Coluna
https://www.sepd.df.gov.br/pt/clipping-de-noticias,,Manual,6,4,"=SE(CONT.SE(A:A; A3) > 1; ""Duplicado""; ""Único"")",Raiz > Secretarias > Comunicação > Clipping de Notícias,Oculta,-,Secretaria da Pessoa com Deficiência > Secretarias > Comunicação > Clipping de Notícias,,-,Página com Formulário,-,Página de Widget,-,-,-,1 Coluna
https://www.sepd.df.gov.br/category/noticias,,Manual,6,4,"=SE(CONT.SE(A:A; A3) > 1; ""Duplicado""; ""Único"")",Raiz > Secretarias > Comunicação > Notícias,Oculta,-,Secretaria da Pessoa com Deficiência > Secretarias > Comunicação > Notícias,,-,Página com Formulário,-,Página de Widget,-,-,-,1 Coluna
https://www.sepd.df.gov.br/comunicacao-1,,Manual,6,4,"=SE(CONT.SE(A:A; A3) > 1; ""Duplicado""; ""Único"")",Raiz > Secretarias > Comunicação > Notícias,Oculta,-,Secretaria da Pessoa com Deficiência > Secretarias > Comunicação > Notícias,,-,Página com Formulário,-,Página de Widget,-,-,-,1 Coluna
https://www.sepd.df.gov.br/saiba-mais,,Manual,6,4,"=SE(CONT.SE(A:A; A3) > 1; ""Duplicado""; ""Único"")",Raiz > Secretarias > Comunicação > Saiba Mais,Oculta,-,Secretaria da Pessoa com Deficiência > Secretarias > Comunicação > Saiba Mais,,-,Página com Formulário,-,Página de Widget,-,-,-,1 Coluna
https://www.sepd.df.gov.br/passe-livre-especial-saiba-como-pedir-o-seu,,Manual,6,4,"=SE(CONT.SE(A:A; A3) > 1; ""Duplicado""; ""Único"")",Raiz > Secretarias > Direitos PcD > Como Solicitar O Passe Livre Especial,Oculta,-,Secretaria da Pessoa com Deficiência > Secretarias > Direitos PcD > Como Solicitar O Passe Livre Especial,,-,Página com Formulário,-,Página de Widget,-,-,-,1 Coluna
https://www.sepd.df.gov.br/direitospcd,,Manual,6,4,"=SE(CONT.SE(A:A; A3) > 1; ""Duplicado""; ""Único"")",Raiz > Secretarias > Direitos PcD > Saiba Como Solicitar Sua Cadeira de Rodas,Oculta,-,Secretaria da Pessoa com Deficiência > Secretarias > Direitos PcD > Saiba Como Solicitar Sua Cadeira de Rodas,,-,Página com Formulário,-,Página de Widget,-,-,-,1 Coluna
https://www.sepd.df.gov.br/pt/direitospcd,,Manual,6,4,"=SE(CONT.SE(A:A; A3) > 1; ""Duplicado""; ""Único"")",Raiz > Secretarias > Direitos PcD > Saiba Como Solicitar Sua Cadeira de Rodas,Oculta,-,Secretaria da Pessoa com Deficiência > Secretarias > Direitos PcD > Saiba Como Solicitar Sua Cadeira de Rodas,,-,Página com Formulário,-,Página de Widget,-,-,-,1 Coluna
https://www.sepd.df.gov.br/saiba-como-solicitar-cadeira-de-rodas,,Manual,6,4,"=SE(CONT.SE(A:A; A3) > 1; ""Duplicado""; ""Único"")",Raiz > Secretarias > Direitos PcD > Saiba Como Solicitar Sua Cadeira de Rodas,Oculta,-,Secretaria da Pessoa com Deficiência > Secretarias > Direitos PcD > Saiba Como Solicitar Sua Cadeira de Rodas,,-,Página com Formulário,-,Página de Widget,-,-,-,1 Coluna
https://www.sepd.df.gov.br/agencia-do-trabalhador,,Manual,6,4,"=SE(CONT.SE(A:A; A3) > 1; ""Duplicado""; ""Único"")",Raiz > Secretarias > Empregabilidade > Agência do Trabalhador,Oculta,-,Secretaria da Pessoa com Deficiência > Secretarias > Empregabilidade > Agência do Trabalhador,,-,Página com Formulário,-,Página de Widget,-,-,-,1 Coluna
https://www.sepd.df.gov.br/empregabilidade-1,,Manual,6,4,"=SE(CONT.SE(A:A; A3) > 1; ""Duplicado""; ""Único"")",Raiz > Secretarias > Empregabilidade > Cadastro de Empregabilidade,Oculta,-,Secretaria da Pessoa com Deficiência > Secretarias > Empregabilidade > Cadastro de Empregabilidade,,-,Página com Formulário,-,Página de Widget,-,-,-,1 Coluna
https://www.sepd.df.gov.br/https-sepd-df-gov-br-category-empregabilidade-cadastro-de-empregabilidade,,Manual,6,4,"=SE(CONT.SE(A:A; A3) > 1; ""Duplicado""; ""Único"")",Raiz > Secretarias > Empregabilidade > Cadastro de Empregabilidade,Oculta,-,Secretaria da Pessoa com Deficiência > Secretarias > Empregabilidade > Cadastro de Empregabilidade,,-,Página com Formulário,-,Página de Widget,-,-,-,1 Coluna
https://www.sepd.df.gov.br/pt/empregabilidade-1,,Manual,6,4,"=SE(CONT.SE(A:A; A3) > 1; ""Duplicado""; ""Único"")",Raiz > Secretarias > Empregabilidade > Cadastro de Empregabilidade,Oculta,-,Secretaria da Pessoa com Deficiência > Secretarias > Empregabilidade > Cadastro de Empregabilidade,,-,Página com Formulário,-,Página de Widget,-,-,-,1 Coluna
https://www.sepd.df.gov.br/pt/https-sepd-df-gov-br-category-empregabilidade-cadastro-de-empregabilidade,,Manual,6,4,"=SE(CONT.SE(A:A; A3) > 1; ""Duplicado""; ""Único"")",Raiz > Secretarias > Empregabilidade > Cadastro de Empregabilidade,Oculta,-,Secretaria da Pessoa com Deficiência > Secretarias > Empregabilidade > Cadastro de Empregabilidade,,-,Página com Formulário,-,Página de Widget,-,-,-,1 Coluna
https://www.sepd.df.gov.br/agenda-do-secretario,,Manual,6,4,"=SE(CONT.SE(A:A; A3) > 1; ""Duplicado""; ""Único"")",Raiz > Secretarias > Institucional > Agenda do Secretario,Oculta,-,Secretaria da Pessoa com Deficiência > Secretarias > Institucional > Agenda do Secretario,,-,Página com Formulário,-,Página de Widget,-,-,-,1 Coluna
https://www.sepd.df.gov.br/pt/agenda-do-secretario,,Manual,6,4,"=SE(CONT.SE(A:A; A3) > 1; ""Duplicado""; ""Único"")",Raiz > Secretarias > Institucional > Agenda do Secretario,Oculta,-,Secretaria da Pessoa com Deficiência > Secretarias > Institucional > Agenda do Secretario,,-,Página com Formulário,-,Página de Widget,-,-,-,1 Coluna
https://www.sepd.df.gov.br/certificados,,Manual,6,6,"=SE(CONT.SE(A:A; A3) > 1; ""Duplicado""; ""Único"")",Raiz > Secretarias > Institucional > Certificados,Oculta,-,Secretaria da Pessoa com Deficiência > Secretarias > Institucional > Certificados,,-,Página com Formulário,-,Página de Widget,-,-,-,1 Coluna
https://www.sepd.df.gov.br/pt/certificados,,Manual,6,6,"=SE(CONT.SE(A:A; A3) > 1; ""Duplicado""; ""Único"")",Raiz > Secretarias > Institucional > Certificados,Oculta,-,Secretaria da Pessoa com Deficiência > Secretarias > Institucional > Certificados,,-,Página com Formulário,-,Página de Widget,-,-,-,1 Coluna
https://www.sepd.df.gov.br/menu-sec/sobre-a-secretaria/competencia,,Manual,6,4,"=SE(CONT.SE(A:A; A3) > 1; ""Duplicado""; ""Único"")",Raiz > Secretarias > Institucional > Competência,Oculta,-,Secretaria da Pessoa com Deficiência > Secretarias > Institucional > Competência,,-,Página com Formulário,-,Página de Widget,-,-,-,1 Coluna
https://www.sepd.df.gov.br/historico-3,,Manual,6,4,"=SE(CONT.SE(A:A; A3) > 1; ""Duplicado""; ""Único"")",Raiz > Secretarias > Institucional > Histórico,Oculta,-,Secretaria da Pessoa com Deficiência > Secretarias > Institucional > Histórico,,-,Página com Formulário,-,Página de Widget,-,-,-,1 Coluna
https://www.sepd.df.gov.br/institucional-1,,Manual,6,4,"=SE(CONT.SE(A:A; A3) > 1; ""Duplicado""; ""Único"")",Raiz > Secretarias > Institucional > Histórico,Oculta,-,Secretaria da Pessoa com Deficiência > Secretarias > Institucional > Histórico,,-,Página com Formulário,-,Página de Widget,-,-,-,1 Coluna
https://www.sepd.df.gov.br/pagina-exemplo/historico,,Manual,6,4,"=SE(CONT.SE(A:A; A3) > 1; ""Duplicado""; ""Único"")",Raiz > Secretarias > Institucional > Histórico,Oculta,-,Secretaria da Pessoa com Deficiência > Secretarias > Institucional > Histórico,,-,Página com Formulário,-,Página de Widget,-,-,-,1 Coluna
https://www.sepd.df.gov.br/pt/institucional-1,,Manual,6,4,"=SE(CONT.SE(A:A; A3) > 1; ""Duplicado""; ""Único"")",Raiz > Secretarias > Institucional > Histórico,Oculta,-,Secretaria da Pessoa com Deficiência > Secretarias > Institucional > Histórico,,-,Página com Formulário,-,Página de Widget,-,-,-,1 Coluna
https://www.sepd.df.gov.br/pt/pagina-exemplo/historico,,Manual,6,4,"=SE(CONT.SE(A:A; A3) > 1; ""Duplicado""; ""Único"")",Raiz > Secretarias > Institucional > Histórico,Oculta,-,Secretaria da Pessoa com Deficiência > Secretarias > Institucional > Histórico,,-,Página com Formulário,-,Página de Widget,-,-,-,1 Coluna
https://www.sepd.df.gov.br/menu-sec/sobre-a-secretaria/missao-visao-valores,,Manual,6,4,"=SE(CONT.SE(A:A; A3) > 1; ""Duplicado""; ""Único"")",Raiz > Secretarias > Institucional > Missão / Visão / Valores / Competência,Oculta,-,Secretaria da Pessoa com Deficiência > Secretarias > Institucional > Missão / Visão / Valores / Competência,,-,Página com Formulário,-,Página de Widget,-,-,-,1 Coluna
https://www.sepd.df.gov.br/pt/menu-sec/sobre-a-secretaria/missao-visao-valores,,Manual,6,4,"=SE(CONT.SE(A:A; A3) > 1; ""Duplicado""; ""Único"")",Raiz > Secretarias > Institucional > Missão / Visão / Valores / Competência,Oculta,-,Secretaria da Pessoa com Deficiência > Secretarias > Institucional > Missão / Visão / Valores / Competência,,-,Página com Formulário,-,Página de Widget,-,-,-,1 Coluna
https://www.sepd.df.gov.br/menu-sec/sobre-a-secretaria/perfil-da-secretaria,,Manual,6,4,"=SE(CONT.SE(A:A; A3) > 1; ""Duplicado""; ""Único"")",Raiz > Secretarias > Institucional > Perfil do Secretário,Oculta,-,Secretaria da Pessoa com Deficiência > Secretarias > Institucional > Perfil do Secretário,,-,Página com Formulário,-,Página de Widget,-,-,-,1 Coluna
https://www.sepd.df.gov.br/noticia-1,,Manual,6,4,"=SE(CONT.SE(A:A; A3) > 1; ""Duplicado""; ""Único"")",Raiz > Secretarias > Institucional > Perfil do Secretário,Oculta,-,Secretaria da Pessoa com Deficiência > Secretarias > Institucional > Perfil do Secretário,,-,Página com Formulário,-,Página de Widget,-,-,-,1 Coluna
https://www.sepd.df.gov.br/pt/menu-sec/sobre-a-secretaria/perfil-da-secretaria,,Manual,6,4,"=SE(CONT.SE(A:A; A3) > 1; ""Duplicado""; ""Único"")",Raiz > Secretarias > Institucional > Perfil do Secretário,Oculta,-,Secretaria da Pessoa com Deficiência > Secretarias > Institucional > Perfil do Secretário,,-,Página com Formulário,-,Página de Widget,-,-,-,1 Coluna
https://www.sepd.df.gov.br/pt/noticia-1,,Manual,6,4,"=SE(CONT.SE(A:A; A3) > 1; ""Duplicado""; ""Único"")",Raiz > Secretarias > Institucional > Perfil do Secretário,Oculta,-,Secretaria da Pessoa com Deficiência > Secretarias > Institucional > Perfil do Secretário,,-,Página com Formulário,-,Página de Widget,-,-,-,1 Coluna
https://www.sepd.df.gov.br/menu-sec/sobre-a-secretaria/quem-e-quem,,Manual,6,8,"=SE(CONT.SE(A:A; A3) > 1; ""Duplicado""; ""Único"")",Raiz > Secretarias > Institucional > Quem é Quem,Oculta,-,Secretaria da Pessoa com Deficiência > Secretarias > Institucional > Quem é Quem,,-,Página com Formulário,-,Página de Widget,-,-,-,1 Coluna
https://www.sepd.df.gov.br/pt/menu-sec/sobre-a-secretaria/quem-e-quem,,Manual,6,8,"=SE(CONT.SE(A:A; A3) > 1; ""Duplicado""; ""Único"")",Raiz > Secretarias > Institucional > Quem é Quem,Oculta,-,Secretaria da Pessoa com Deficiência > Secretarias > Institucional > Quem é Quem,,-,Página com Formulário,-,Página de Widget,-,-,-,1 Coluna
https://www.sepd.df.gov.br/quem-e-quem,,Manual,6,4,"=SE(CONT.SE(A:A; A3) > 1; ""Duplicado""; ""Único"")",Raiz > Secretarias > Institucional > Quem é quem,Oculta,-,Secretaria da Pessoa com Deficiência > Secretarias > Institucional > Quem é quem,,-,Página com Formulário,-,Página de Widget,-,-,-,1 Coluna
https://www.sepd.df.gov.br/menu-sec/sobre-a-secretaria/organograma-regimento,,Manual,6,4,"=SE(CONT.SE(A:A; A3) > 1; ""Duplicado""; ""Único"")",Raiz > Secretarias > Institucional > Regimento,Oculta,-,Secretaria da Pessoa com Deficiência > Secretarias > Institucional > Regimento,,-,Página com Formulário,-,Página de Widget,-,-,-,1 Coluna
https://www.sepd.df.gov.br/pt/menu-sec/sobre-a-secretaria/organograma-regimento,,Manual,6,4,"=SE(CONT.SE(A:A; A3) > 1; ""Duplicado""; ""Único"")",Raiz > Secretarias > Institucional > Regimento,Oculta,-,Secretaria da Pessoa com Deficiência > Secretarias > Institucional > Regimento,,-,Página com Formulário,-,Página de Widget,-,-,-,1 Coluna
https://www.sepd.df.gov.br/legislacao-distrital,,Manual,6,4,"=SE(CONT.SE(A:A; A3) > 1; ""Duplicado""; ""Único"")",Raiz > Secretarias > Legislação > Legislação Distrital,Oculta,-,Secretaria da Pessoa com Deficiência > Secretarias > Legislação > Legislação Distrital,,-,Página com Formulário,-,Página de Widget,-,-,-,1 Coluna
https://www.sepd.df.gov.br/pt/legislacao-distrital,,Manual,6,4,"=SE(CONT.SE(A:A; A3) > 1; ""Duplicado""; ""Único"")",Raiz > Secretarias > Legislação > Legislação Distrital,Oculta,-,Secretaria da Pessoa com Deficiência > Secretarias > Legislação > Legislação Distrital,,-,Página com Formulário,-,Página de Widget,-,-,-,1 Coluna
https://www.sepd.df.gov.br/menu-sec/legislacao-federal,,Manual,6,4,"=SE(CONT.SE(A:A; A3) > 1; ""Duplicado""; ""Único"")",Raiz > Secretarias > Legislação > Legislação Federal,Oculta,-,Secretaria da Pessoa com Deficiência > Secretarias > Legislação > Legislação Federal,,-,Página com Formulário,-,Página de Widget,-,-,-,1 Coluna
https://www.sepd.df.gov.br/pt/menu-sec/legislacao-federal,,Manual,6,4,"=SE(CONT.SE(A:A; A3) > 1; ""Duplicado""; ""Único"")",Raiz > Secretarias > Legislação > Legislação Federal,Oculta,-,Secretaria da Pessoa com Deficiência > Secretarias > Legislação > Legislação Federal,,-,Página com Formulário,-,Página de Widget,-,-,-,1 Coluna
https://www.sepd.df.gov.br/menu-sec/sobre-a-secretaria,,Manual,6,4,"=SE(CONT.SE(A:A; A3) > 1; ""Duplicado""; ""Único"")",Raiz > Secretarias > Menu Sec > Sobre a Secretaria,Oculta,-,Secretaria da Pessoa com Deficiência > Secretarias > Menu Sec > Sobre a Secretaria,,-,Página com Formulário,-,Página de Widget,-,-,-,1 Coluna
https://www.sepd.df.gov.br/instituido-no-df-cartao-de-identificacao-de-pcd,,Manual,6,4,"=SE(CONT.SE(A:A; A3) > 1; ""Duplicado""; ""Único"")",Raiz > Secretarias > Ouvidoria > Instituído No DF Cartão de Identificação de Pcd,Oculta,-,Secretaria da Pessoa com Deficiência > Secretarias > Ouvidoria > Instituído No DF Cartão de Identificação de Pcd,,-,Página com Formulário,-,Página de Widget,-,-,-,1 Coluna
https://www.sepd.df.gov.br/texto_lei_acesso_informacao,,Manual,6,4,"=SE(CONT.SE(A:A; A3) > 1; ""Duplicado""; ""Único"")",Raiz > Secretarias > Ouvidoria > Texto_lei_acesso_informacao,Oculta,-,Secretaria da Pessoa com Deficiência > Secretarias > Ouvidoria > Texto_lei_acesso_informacao,,-,Página com Formulário,-,Página de Widget,-,-,-,1 Coluna
https://www.sepd.df.gov.br/ajax,,Manual,5,4,"=SE(CONT.SE(A:A; A3) > 1; ""Duplicado""; ""Único"")",Raiz > Secretarias > Sem Categoria > Ajax,Oculta,-,Secretaria da Pessoa com Deficiência > Secretarias > Sem Categoria > Ajax,,-,Página com Formulário,-,Página de Widget,-,-,-,1 Coluna
https://www.sepd.df.gov.br/audio,,Manual,6,4,"=SE(CONT.SE(A:A; A3) > 1; ""Duplicado""; ""Único"")",Raiz > Secretarias > Sem Categoria > Audio,Oculta,-,Secretaria da Pessoa com Deficiência > Secretarias > Sem Categoria > Audio,,-,Página com Formulário,-,Página de Widget,-,-,-,1 Coluna
https://www.sepd.df.gov.br/banner-programas,,Manual,6,4,"=SE(CONT.SE(A:A; A3) > 1; ""Duplicado""; ""Único"")",Raiz > Secretarias > Sem Categoria > Banner Programas,Oculta,-,Secretaria da Pessoa com Deficiência > Secretarias > Sem Categoria > Banner Programas,,-,Página com Formulário,-,Página de Widget,-,-,-,1 Coluna
https://www.sepd.df.gov.br/flickr,,Manual,6,4,"=SE(CONT.SE(A:A; A3) > 1; ""Duplicado""; ""Único"")",Raiz > Secretarias > Sem Categoria > Flickr,Oculta,-,Secretaria da Pessoa com Deficiência > Secretarias > Sem Categoria > Flickr,,-,Página com Formulário,-,Página de Widget,-,-,-,1 Coluna
https://www.sepd.df.gov.br/gerenciar-modulos-da-home,,Manual,6,4,"=SE(CONT.SE(A:A; A3) > 1; ""Duplicado""; ""Único"")",Raiz > Secretarias > Sem Categoria > Gerenciar Módulos da Home,Oculta,-,Secretaria da Pessoa com Deficiência > Secretarias > Sem Categoria > Gerenciar Módulos da Home,,-,Página com Formulário,-,Página de Widget,-,-,-,1 Coluna
https://www.sepd.df.gov.br/18537-2,,Manual,6,4,"=SE(CONT.SE(A:A; A3) > 1; ""Duplicado""; ""Único"")",Raiz > Secretarias > Sem Categoria > Página Sem Nome 1,Oculta,-,Secretaria da Pessoa com Deficiência > Secretarias > Sem Categoria > Página Sem Nome 1,,-,Página com Formulário,-,Página de Widget,-,-,-,1 Coluna
https://www.sepd.df.gov.br/18533-2,,Manual,6,4,"=SE(CONT.SE(A:A; A3) > 1; ""Duplicado""; ""Único"")",Raiz > Secretarias > Sem Categoria > Página Sem Nome 2,Oculta,-,Secretaria da Pessoa com Deficiência > Secretarias > Sem Categoria > Página Sem Nome 2,,-,Página com Formulário,-,Página de Widget,-,-,-,1 Coluna
https://www.sepd.df.gov.br/19840-2,,Manual,6,4,"=SE(CONT.SE(A:A; A3) > 1; ""Duplicado""; ""Único"")",Raiz > Secretarias > Sem Categoria > Página Sem Nome 3,Oculta,-,Secretaria da Pessoa com Deficiência > Secretarias > Sem Categoria > Página Sem Nome 3,,-,Página com Formulário,-,Página de Widget,-,-,-,1 Coluna
https://www.sepd.df.gov.br/22324-2,,Manual,6,4,"=SE(CONT.SE(A:A; A3) > 1; ""Duplicado""; ""Único"")",Raiz > Secretarias > Sem Categoria > Página Sem Nome 4,Oculta,-,Secretaria da Pessoa com Deficiência > Secretarias > Sem Categoria > Página Sem Nome 4,,-,Página com Formulário,-,Página de Widget,-,-,-,1 Coluna
https://www.sepd.df.gov.br/19081-2,,Manual,6,4,"=SE(CONT.SE(A:A; A3) > 1; ""Duplicado""; ""Único"")",Raiz > Secretarias > Sem Categoria > Página Sem Nome 5,Oculta,-,Secretaria da Pessoa com Deficiência > Secretarias > Sem Categoria > Página Sem Nome 5,,-,Página com Formulário,-,Página de Widget,-,-,-,1 Coluna
https://www.sepd.df.gov.br/video,,Manual,6,4,"=SE(CONT.SE(A:A; A3) > 1; ""Duplicado""; ""Único"")",Raiz > Secretarias > Sem Categoria > Vídeo,Oculta,-,Secretaria da Pessoa com Deficiência > Secretarias > Sem Categoria > Vídeo,,-,Página com Formulário,-,Página de Widget,-,-,-,1 Coluna
https://www.sepd.df.gov.br/portal-da-transparencia,,Manual,6,4,"=SE(CONT.SE(A:A; A3) > 1; ""Duplicado""; ""Único"")",Raiz > Secretarias > Transparência > Portal da Transparência,Oculta,-,Secretaria da Pessoa com Deficiência > Secretarias > Transparência > Portal da Transparência,,-,Página com Formulário,-,Página de Widget,-,-,-,1 Coluna
https://www.sepd.df.gov.br/gerencia-de-orteses-e-proteses,,Manual,6,4,"=SE(CONT.SE(A:A; A3) > 1; ""Duplicado""; ""Único"")",Raiz > Secretarias > Acesso A Informação > Direitos e Benefícios > Gerência de Órteses e Próteses,Oculta,-,Secretaria da Pessoa com Deficiência > Secretarias > Acesso A Informação > Direitos e Benefícios > Gerência de Órteses e Próteses,,-,Página com Formulário,-,Página de Widget,-,-,-,1 Coluna
https://www.sepd.df.gov.br/menu-sec/cil,,Manual,6,4,"=SE(CONT.SE(A:A; A3) > 1; ""Duplicado""; ""Único"")",Raiz > Secretarias > Acesso A Informação > Perguntas Frequentes da Sepd/df > Central de Intermediação em Libras (CIL) – GDF,Oculta,-,Secretaria da Pessoa com Deficiência > Secretarias > Acesso A Informação > Perguntas Frequentes da Sepd/df > Central de Intermediação em Libras (CIL) – GDF,,-,Página com Formulário,-,Página de Widget,-,-,-,1 Coluna
https://www.sepd.df.gov.br/pt/menu-sec/cil,,Manual,6,4,"=SE(CONT.SE(A:A; A3) > 1; ""Duplicado""; ""Único"")",Raiz > Secretarias > Acesso A Informação > Perguntas Frequentes da Sepd/df > Central de Intermediação em Libras (CIL) – GDF,Oculta,-,Secretaria da Pessoa com Deficiência > Secretarias > Acesso A Informação > Perguntas Frequentes da Sepd/df > Central de Intermediação em Libras (CIL) – GDF,,-,Página com Formulário,-,Página de Widget,-,-,-,1 Coluna
https://www.sepd.df.gov.br/df-acessivel-agendar-viagens,,Manual,5,4,"=SE(CONT.SE(A:A; A3) > 1; ""Duplicado""; ""Único"")",Raiz > Secretarias > Cartilhas SEPD > Evento Acessível > DF Acessível – Agendar viagens,Oculta,-,Secretaria da Pessoa com Deficiência > Secretarias > Cartilhas SEPD > Evento Acessível > DF Acessível – Agendar viagens,,-,Página com Formulário,-,Página de Widget,-,-,-,1 Coluna
https://www.sepd.df.gov.br/iniciar-cadastro-da-pessoa-com-deficiencia,,Manual,6,4,"=SE(CONT.SE(A:A; A3) > 1; ""Duplicado""; ""Único"")",Raiz > Secretarias > Direitos PcD > Outros direitos > Iniciar Cadastro da Pessoa com Deficiência,Oculta,-,Secretaria da Pessoa com Deficiência > Secretarias > Direitos PcD > Outros direitos > Iniciar Cadastro da Pessoa com Deficiência,,-,Página com Formulário,-,Página de Widget,-,-,-,1 Coluna
https://www.sepd.df.gov.br/orteses-e-proteses-agendar-avaliacao,,Manual,6,4,"=SE(CONT.SE(A:A; A3) > 1; ""Duplicado""; ""Único"")",Raiz > Secretarias > Direitos PcD > Outros direitos > Órteses e Próteses – Agendar avaliação,Oculta,-,Secretaria da Pessoa com Deficiência > Secretarias > Direitos PcD > Outros direitos > Órteses e Próteses – Agendar avaliação,,-,Página com Formulário,-,Página de Widget,-,-,-,1 Coluna
https://www.sepd.df.gov.br/sobre-a-secretaria,,Manual,6,4,"=SE(CONT.SE(A:A; A3) > 1; ""Duplicado""; ""Único"")","Raiz > Secretarias > Institucional > Missão / Visão / Valores / Competência > Missão, Visão e Valores",Oculta,-,"Secretaria da Pessoa com Deficiência > Secretarias > Institucional > Missão / Visão / Valores / Competência > Missão, Visão e Valores",,-,Página com Formulário,-,Página de Widget,-,-,-,1 Coluna
